date,player,    rank    ,    total    ,    rp_spent    ,    battles    ,    negotiations    ,      traded_goods      ,    wonder_orbs    ,    activity_points    ,    events    ,     donations     ,     encounters     
9/9/24,Minx, 35 ," 82,611 "," 117,500 "," 7,192 ", 355 ," 11,700,000 "," 1,565 "," 20,574 "," 4,722 ", 15 , 80 
9/9/24,Sienna, 59 ," 76,610 "," 99,957 "," 5,570 "," 1,811 "," 8,700,000 "," 2,536 "," 20,398 "," 4,699 ", 15 , 80 
9/9/24,Niesa, 146 ," 65,088 "," 90,545 "," 5,974 "," 1,533 "," 5,300,000 "," 1,995 "," 20,338 "," 4,805 ", 15 , 80 
9/9/24,CVanquish, 240 ," 59,227 "," 102,300 "," 3,533 "," 2,184 "," 5,400,000 ", 907 ," 20,008 "," 4,832 ", 11 , 66 
9/9/24,Chip Finn, 298 ," 57,261 "," 68,237 "," 7,135 ", 524 ," 6,700,000 "," 1,042 "," 20,540 "," 4,163 ", 15 , 80 
9/9/24,Andres M Leal, 332 ," 55,375 "," 77,200 "," 5,264 "," 1,088 "," 5,600,000 "," 1,047 "," 19,871 "," 4,933 ", 12 , 80 
9/9/24,Tinger61, 365 ," 54,068 "," 69,589 "," 5,826 ", 937 ," 5,300,000 "," 1,166 "," 19,270 "," 4,627 ", 10 , 80 
9/9/24,Beyondthestars, 466 ," 51,012 "," 81,959 "," 2,731 "," 3,330 "," 1,900,000 "," 1,594 "," 18,947 "," 4,687 ", 15 , 80 
9/9/24,Arden, 528 ," 49,778 "," 79,311 "," 4,033 "," 1,340 "," 3,600,000 "," 1,050 "," 20,694 "," 4,532 ", 13 , 80 
9/9/24,ConfuseUs, 707 ," 46,917 "," 72,256 "," 4,871 "," 1,138 "," 1,200,000 "," 1,539 "," 17,714 "," 4,781 ", 15 , 63 
9/9/24,Nostrogoth, 809 ," 45,579 "," 65,358 "," 4,730 "," 2,028 "," 1,500,000 "," 1,178 "," 20,613 "," 4,707 ", 15 , 65 
9/9/24,Caesar Salad," 1,100 "," 42,299 "," 62,610 "," 2,514 "," 1,271 "," 5,300,000 ", 950 ," 7,703 "," 2,861 ", 15 , 80 
9/9/24,DaBear," 1,332 "," 40,378 "," 69,861 "," 2,339 "," 2,798 "," 1,700,000 ", 699 ," 14,596 "," 4,262 ", 12 , 74 
9/9/24,Neba," 1,360 "," 40,170 "," 55,102 "," 4,415 ", 263 ," 4,600,000 ", 766 ," 13,445 "," 2,620 ", 15 , 80 
9/9/24,Cardinal," 1,374 "," 39,914 "," 50,189 "," 3,109 "," 1,902 "," 2,200,000 "," 1,234 "," 20,614 "," 4,662 ", 15 , 80 
9/9/24,Krn1," 1,527 "," 38,700 "," 66,166 "," 4,947 ", 268 ," 583,000 ", 830 ," 18,025 "," 4,610 ", 10 , 63 
9/9/24,Ulmos Mist," 1,621 "," 38,117 "," 52,035 "," 4,629 "," 1,014 "," 1,600,000 "," 1,026 "," 13,697 "," 4,042 ", 15 , 80 
9/9/24,Taysacks," 1,582 "," 38,368 "," 45,904 "," 3,685 "," 1,362 "," 2,700,000 "," 1,069 "," 16,945 "," 4,281 ", 10 , 80 
9/9/24,Ajax," 1,637 "," 38,048 "," 36,899 "," 4,307 ", 673 ," 4,500,000 ", 950 ," 12,272 "," 3,716 ", 15 , 47 
9/9/24,ThorNDrJones," 1,677 "," 37,792 "," 66,682 "," 2,387 "," 2,180 "," 1,300,000 ", 727 ," 10,184 "," 4,586 ", 11 , 63 
9/9/24,shy66," 2,045 "," 35,398 "," 38,308 "," 4,004 ", 184 ," 2,600,000 "," 1,423 "," 10,988 "," 3,841 ", 15 , 80 
9/9/24,sensejus," 2,116 "," 34,992 "," 36,919 "," 2,928 "," 2,072 "," 2,900,000 ", 787 ," 17,325 "," 4,264 ", 10 , 80 
9/9/24,Achilles," 3,795 "," 27,985 "," 30,983 "," 3,756 ", 259 ," 2,500,000 ", 447 ," 10,827 "," 3,708 ", 14 , 65 
9/9/24,mands," 3,905 "," 27,632 "," 32,867 ", 697 ," 3,642 "," 2,000,000 ", 632 ," 9,214 "," 2,462 ", 3 , 75 
9/9/24,CLV. Kelsie.," 2,274 "," 34,248 "," 69,217 "," 2,868 ", 719 ," 637,700 ", 730 ," 14,640 "," 3,380 ", 64 , 80 
9/9/24,LilMedley," 5,146 "," 24,180 "," 31,400 "," 3,420 "," 1,075 "," 469,000 ", 438 ," 11,579 "," 3,054 ",,
9/9/24,toasted corn," 5,768 "," 22,640 "," 35,590 "," 2,109 ", 377 ," 1,300,000 ", 522 ," 9,339 "," 2,570 ",,
9/2/24,Minx,35,"81,182","116,100","7,025",353,"11,500,000","1,515","20,367","4,667",,
9/2/24,Sienna,59,"75,622","98,985","5,463","1,764","8,600,000","2,492","20,078","4,692",15,80
9/2/24,Niesa,148,"64,134","89,430","5,841","1,508","5,200,000","1,951","20,150","4,787",16,80
9/2/24,CVanquish,237,"58,560","101,400","3,489","2,152","5,300,000",877,"19,793","4,817",15,68
9/2/24,Chip Finn,303,"56,250","67,133","6,972",522,"6,500,000","1,042","20,309","4,064",15,80
9/2/24,Andres M Leal,340,"54,588","76,206","5,151","1,066","5,500,000","1,037","19,641","4,857",14,80
9/2/24,Tinger61,375,"52,961","68,720","5,698",909,"5,200,000","1,123","19,032","4,552",12,80
9/2/24,Beyondthestars,479,"50,177","80,857","2,669","3,294","1,800,000","1,554","18,658","4,621",15,80
9/2/24,Arden,544,"48,896","78,336","3,988","1,278","3,600,000","1,020","20,419","4,412",15,80
9/2/24,ConfuseUs,714,"46,267","71,285","4,814","1,122","1,200,000","1,509","17,537","4,706",15,80
9/2/24,Nostrogoth,845,"44,500","64,572","4,667","2,008","1,500,000","1,058","20,354","4,647",15,80
9/2/24,Caesar Salad,"1,210","40,858","61,323","2,413","1,200","5,200,000",870,"7,297","2,750",15,80
9/2/24,DaBear,"1,331","39,892","69,126","2,299","2,758","1,600,000",699,"14,446","4,187",12,63
9/2/24,Neba,"1,405","39,240","54,065","4,279",246,"4,400,000",766,"13,219","2,523",15,80
9/2/24,Cardinal,"1,415","39,078","49,320","3,033","1,859","2,100,000","1,205","20,053","4,542",15,80
9/2/24,Krn1,"1,521","38,357","65,517","4,876",263,"576,600",830,"17,863","4,610",12,66
9/2/24,Ulmos Mist,"1,599","37,776","51,457","4,569",991,"1,600,000","1,026","13,598","4,027",19,80
9/2/24,Taysacks,"1,652","37,532","44,737","3,611","1,324","2,600,000","1,038","16,644","4,242",10,80
9/2/24,Ajax,"1,663","37,464","36,315","4,249",669,"4,500,000",910,"12,082","3,716",15,80
9/2/24,ThorNDrJones,"1,695","37,214","65,748","2,346","2,151","1,300,000",711,"10,082","4,478",15,63
9/2/24,shy66,"2,088","34,690","37,194","3,921",170,"2,600,000","1,423","10,828","3,781",15,80
9/2/24,sensejus,"2,198","34,201","35,912","2,818","2,030","2,800,000",786,"17,097","4,218",15,80
9/2/24,Achilles,"3,866","27,458","30,526","3,683",252,"2,500,000",431,"10,669","3,605",15,62
9/2/24,mands,"3,969","27,134","32,397",692,"3,563","2,000,000",614,"9,090","2,408",16,78
9/2/24,CLV. Kelsie.2,"5,498","23,002","29,055","1,776",626,"860,700",941,"12,838","3,224",24,80
8/26/24,Sienna,61,"74,189","97,604","5,324","1,718","8,500,000","2,419","19,958","4,604",15,80
8/26/24,Niesa,152,"63,097","88,062","5,687","1,480","5,200,000","1,919","20,087","4,700",15,80
8/26/24,CVanquish,237,"57,870","100,300","3,442","2,123","5,200,000",877,"19,517","4,724",15,68
8/26/24,Cleopatre,286,"56,263","88,233","4,870","1,164","2,500,000","2,119","20,303","4,423",15,80
8/26/24,Chip Finn,311,"55,166","65,928","6,800",519,"6,400,000","1,017","20,202","4,061",17,80
8/26/24,Andres M Leal,344,"53,785","75,168","5,046","1,047","5,400,000","1,017","19,287","4,805",15,80
8/26/24,Tinger61,387,"51,912","67,425","5,568",886,"5,100,000","1,100","18,879","4,499",15,80
8/26/24,Beyondthestars,511,"49,118","79,262","2,606","3,256","1,800,000","1,484","18,554","4,621",15,80
8/26/24,Arden,553,"48,118","77,274","3,937","1,225","3,500,000","1,000","20,218","4,349",15,76
8/26/24,ConfuseUs,718,"45,633","70,244","4,761","1,088","1,200,000","1,489","17,354","4,646",15,70
8/26/24,Locks,789,"44,797","80,082","3,336","1,243","1,300,000","1,348","16,156","4,619",15,37
8/26/24,Nostrogoth,861,"43,803","63,594","4,545","1,965","1,400,000","1,058","20,296","4,572",15,80
8/26/24,Caesar Salad,"1,351","39,303","59,994","2,295","1,142","5,000,000",760,"7,200","2,742",15,80
8/26/24,DaBear,"1,379","39,020","68,201","2,259","2,725","1,600,000",641,"14,178","4,097",12,66
8/26/24,Neba,"1,449","38,396","53,062","4,150",232,"4,300,000",766,"12,622","2,520",15,80
8/26/24,Cardinal,"1,458","38,340","48,280","2,971","1,818","2,100,000","1,173","19,978","4,485",15,80
8/26/24,Krn1,"1,524","37,993","64,754","4,809",256,"571,000",830,"17,721","4,610",12,68
8/26/24,Ulmos Mist,"1,615","37,324","50,760","4,510",970,"1,600,000","1,026","13,502","3,919",22,80
8/26/24,ThorNDrJones,"1,717","36,694","64,964","2,310","2,114","1,300,000",701,"9,897","4,403",15,60
8/26/24,Ajax,"1,741","36,506","35,117","4,125",661,"4,400,000",900,"11,973","3,623",15,80
8/26/24,Taysacks,"1,747","36,465","42,979","3,530","1,290","2,600,000","1,002","16,435","4,164",12,80
8/26/24,sensejus,"2,269","33,490","34,927","2,715","1,989","2,700,000",786,"16,834","4,185",14,80
8/26/24,shy66,"2,305","33,337","35,867","3,811",162,"2,500,000","1,313","10,604","3,771",14,79
8/26/24,CLV. Kelsie.,"2,321","33,252","67,402","2,680",706,"620,800",730,"14,454","3,292",17,80
8/26/24,Achilles,"3,919","26,979","30,223","3,608",248,"2,500,000",415,"10,516","3,532",12,60
8/26/24,mands,"4,015","26,704","31,883",684,"3,484","2,000,000",601,"8,877","2,387",18,74
8/19/24,Sienna,64,"72,789","95,927","5,167","1,679","8,300,000","2,379","19,958","4,428",17,80
8/19/24,Niesa,154,"61,879","86,629","5,509","1,459","5,100,000","1,889","20,087","4,541",15,80
8/19/24,CVanquish,236,"57,025","99,113","3,399","2,090","5,200,000",877,"19,252","4,484",15,72
8/19/24,Cleopatre,291,"55,201","86,849","4,752","1,144","2,400,000","2,089","19,964","4,280",15,80
8/19/24,Chip Finn,325,"53,930","64,749","6,621",517,"6,200,000","1,002","19,850","3,923",15,80
8/19/24,Andres M Leal,344,"52,965","74,075","4,958","1,033","5,400,000","1,007","19,040","4,628",14,80
8/19/24,Tinger61,398,"50,663","65,855","5,421",865,"5,000,000","1,072","18,458","4,387",14,80
8/19/24,Beyondthestars,514,"48,343","78,100","2,552","3,216","1,700,000","1,484","18,385","4,441",15,80
8/19/24,Arden,564,"47,220","76,361","3,867","1,182","3,400,000",960,"19,909","4,268",15,80
8/19/24,ConfuseUs,714,"44,927","69,261","4,703","1,065","1,200,000","1,459","17,156","4,534",15,65
8/19/24,Locks,779,"44,217","79,227","3,308","1,229","1,300,000","1,328","15,993","4,481",15,63
8/19/24,Nostrogoth,876,"43,005","62,658","4,406","1,929","1,400,000","1,058","19,816","4,461",15,63
8/19/24,DaBear,"1,383","38,428","67,422","2,205","2,690","1,500,000",641,"13,854","4,004",12,64
8/19/24,Caesar Salad,"1,428","37,982","58,499","2,172","1,076","4,900,000",760,"7,155","2,529",15,80
8/19/24,Neba,"1,511","37,533","51,990","4,029",220,"4,300,000",766,"12,388","2,342",15,80
8/19/24,Cardinal,"1,517","37,486","47,275","2,895","1,789","2,100,000","1,135","19,704","4,385",18,80
8/19/24,Krn1,"1,528","37,409","63,903","4,743",247,"560,000",830,"17,473","4,436",10,63
8/19/24,Ulmos Mist,"1,625","36,714","50,156","4,444",947,"1,600,000","1,006","13,367","3,754",16,80
8/19/24,ThorNDrJones,"1,719","36,153","64,145","2,261","2,091","1,300,000",691,"9,765","4,319",15,68
8/19/24,Ajax,"1,837","35,354","33,905","3,978",647,"4,300,000",880,"11,532","3,452",15,80
8/19/24,Taysacks,"1,877","35,096","40,617","3,460","1,261","2,500,000",946,"16,185","4,014",10,80
8/19/24,CLV. Kelsie.,"2,394","32,438","66,387","2,532",689,"613,700",730,"13,990","3,123",15,80
8/19/24,sensejus,"2,403","32,376","33,817","2,617","1,949","2,700,000",736,"16,476","4,047",15,80
8/19/24,shy66,"2,486","31,959","34,250","3,637",150,"2,400,000","1,293","10,306","3,507",15,80
8/19/24,BEVO2112,"3,620","27,540","42,151",954,"2,545","1,500,000",674,"12,539","2,358",15,33
8/19/24,Achilles,"3,961","26,517","29,635","3,535",245,"2,400,000",413,"10,364","3,468",22,57
8/19/24,mands,"4,074","26,219","31,374",679,"3,412","2,000,000",588,"8,706","2,318",17,64
8/12/24,Sienna,64,"71,667","94,688","5,061","1,632","8,200,000","2,339","19,841","4,339",15,80
8/12/24,Niesa,156,"60,904","85,305","5,384","1,437","5,000,000","1,859","20,087","4,448",18,80
8/12/24,CVanquish,241,"56,257","98,117","3,349","2,052","5,100,000",856,"19,007","4,397",21,71
8/12/24,Cleopatre,298,"54,114","85,485","4,656","1,117","2,400,000","2,039","19,606","4,165",15,80
8/12/24,Chip Finn,337,"52,504","63,496","6,428",514,"6,000,000",984,"19,453","3,728",15,80
8/12/24,Andres M Leal,349,"52,155","73,039","4,888","1,014","5,300,000",987,"18,811","4,496",16,80
8/12/24,Tinger61,417,"49,512","64,438","5,299",843,"4,900,000","1,036","18,184","4,189",15,80
8/12/24,Beyondthestars,528,"47,419","76,666","2,496","3,178","1,700,000","1,484","18,045","4,207",15,80
8/12/24,Arden,583,"46,311","75,222","3,785","1,136","3,300,000",949,"19,605","4,163",15,80
8/12/24,ConfuseUs,716,"44,266","68,354","4,650","1,039","1,200,000","1,439","16,917","4,399",15,65
8/12/24,Locks,785,"43,507","78,377","3,265","1,195","1,200,000","1,298","15,790","4,352",15,47
8/12/24,Nostrogoth,879,"42,400","61,855","4,338","1,911","1,400,000","1,058","19,532","4,311",15,80
8/12/24,DaBear,"1,384","37,957","66,702","2,168","2,656","1,500,000",641,"13,674","3,938",11,69
8/12/24,Caesar Salad,"1,558","36,684","57,091","2,063","1,006","4,700,000",760,"6,749","2,355",15,80
8/12/24,Neba,"1,566","36,642","50,921","3,909",202,"4,200,000",766,"12,242","2,158",15,80
8/12/24,Cardinal,"1,580","36,559","46,258","2,807","1,754","2,000,000","1,099","19,322","4,281",15,80
8/12/24,Krn1,"1,619","36,302","63,008","4,664",243,"539,700",730,"17,263","4,280",10,41
8/12/24,Ulmos Mist,"1,621","36,281","49,517","4,385",921,"1,600,000",996,"13,186","3,727",17,80
8/12/24,ThorNDrJones,"1,731","35,539","63,350","2,210","2,055","1,200,000",681,"9,631","4,208",15,63
8/12/24,Ajax,"1,917","34,350","32,664","3,861",640,"4,200,000",852,"11,249","3,353",15,80
8/12/24,Taysacks,"1,920","34,342","39,360","3,403","1,218","2,500,000",941,"15,926","3,888",10,80
8/12/24,CLV. Kelsie.,"2,432","31,820","65,507","2,454",676,"604,000",730,"13,773","2,948",17,80
8/12/24,sensejus,"2,544","31,279","32,822","2,534","1,912","2,600,000",686,"16,186","3,828",13,80
8/12/24,shy66,"2,674","30,788","32,444","3,476",140,"2,300,000","1,293","10,078","3,306",12,80
8/12/24,BEVO2112,"3,629","27,138","41,593",933,"2,527","1,400,000",663,"12,322","2,324",18,51
8/12/24,Achilles,"4,032","26,023","28,971","3,462",240,"2,400,000",403,"10,287","3,387",15,68
8/12/24,mands,"4,170","25,685","30,716",668,"3,350","2,000,000",574,"8,548","2,240",17,74
8/5/24,Sienna,64,"70,399","93,292","4,965","1,592","8,100,000","2,287","19,105","4,222",17,80
8/5/24,Niesa,159,"59,775","83,822","5,235","1,410","5,000,000","1,822","19,436","4,388",15,80
8/5/24,CVanquish,241,"55,688","97,177","3,301","2,019","5,100,000",856,"18,820","4,334",15,72
8/5/24,Cleopatre,307,"52,998","84,208","4,578","1,089","2,300,000","1,989","19,274","4,032",15,80
8/5/24,Chip Finn,351,"51,386","62,444","6,229",511,"5,900,000",968,"19,209","3,728",15,80
8/5/24,Andres M Leal,352,"51,338","71,992","4,793",988,"5,300,000",967,"18,632","4,415",16,80
8/5/24,Tinger61,441,"48,420","63,170","5,173",820,"4,800,000","1,004","17,896","4,129",14,80
8/5/24,Beyondthestars,530,"46,806","75,687","2,435","3,128","1,600,000","1,484","17,678","4,207",15,80
8/5/24,Arden,603,"45,245","74,228","3,685","1,110","3,300,000",905,"19,312","4,019",15,80
8/5/24,ConfuseUs,724,"43,587","67,328","4,598","1,015","1,200,000","1,419","16,645","4,309",15,66
8/5/24,Locks,786,"42,981","77,672","3,236","1,158","1,200,000","1,278","15,599","4,304",15,63
8/5/24,Nostrogoth,896,"41,669","60,995","4,219","1,870","1,400,000","1,038","19,306","4,268",15,80
8/5/24,DaBear,"1,398","37,416","65,907","2,131","2,603","1,500,000",639,"13,478","3,854",19,69
8/5/24,Krn1,"1,594","35,986","62,398","4,617",238,"528,400",730,"17,169","4,253",10,60
8/5/24,Neba,"1,601","35,911","49,962","3,776",187,"4,100,000",766,"12,101","2,158",15,80
8/5/24,Ulmos Mist,"1,610","35,882","48,928","4,327",897,"1,600,000",986,"13,091","3,709",17,80
8/5/24,Cardinal,"1,656","35,549","45,192","2,700","1,718","2,000,000","1,060","19,079","4,161",15,80
8/5/24,Caesar Salad,"1,700","35,301","55,624","1,969",916,"4,500,000",760,"6,291","2,064",15,80
8/5/24,ThorNDrJones,"1,775","34,800","62,476","2,159","2,027","1,200,000",660,"9,452","4,028",15,63
8/5/24,Ajax,"2,015","33,417","31,620","3,742",626,"4,100,000",817,"10,979","3,305",13,80
8/5/24,Taysacks,"2,033","33,312","38,128","3,301","1,176","2,400,000",896,"15,598","3,810",10,80
8/5/24,CLV. Kelsie.,"2,486","31,198","64,583","2,308",663,"600,700",730,"13,406","2,918",28,80
8/5/24,sensejus,"2,587","30,702","31,888","2,479","1,867","2,600,000",686,"15,990","3,788",13,80
8/5/24,shy66,"2,752","30,025","31,293","3,358",126,"2,200,000","1,293","9,708","3,306",10,80
8/5/24,BEVO2112,"3,695","26,584","41,003",926,"2,474","1,400,000",645,"12,193","2,208",12,55
8/5/24,Achilles,"4,113","25,504","28,569","3,390",232,"2,400,000",388,"10,175","3,282",13,57
8/5/24,mands,"4,237","25,140","30,156",666,"3,274","1,900,000",559,"8,430","2,126",18,80
7/29/24,Sienna,66,"69,018","91,928","4,846","1,549","8,000,000","2,217","18,758","4,180",15,80
7/29/24,Niesa,164,"58,501","82,322","5,076","1,381","4,900,000","1,779","18,887","4,298",15,80
7/29/24,CVanquish,238,"55,118","96,099","3,249","1,986","5,000,000",856,"18,533","4,334",15,36
7/29/24,Cleopatre,312,"52,053","83,052","4,497","1,062","2,200,000","1,939","19,103","4,010",15,80
7/29/24,Andres M Leal,351,"50,649","71,055","4,692",973,"5,200,000",947,"18,390","4,415",15,80
7/29/24,Chip Finn,360,"50,333","61,527","6,040",508,"5,700,000",938,"19,016","3,728",15,80
7/29/24,Tinger61,456,"47,499","61,905","5,075",794,"4,700,000",978,"17,727","4,072",15,80
7/29/24,Beyondthestars,561,"45,524","74,420","2,389","3,080","1,600,000","1,354","17,305","4,207",15,80
7/29/24,Arden,614,"44,608","73,308","3,619","1,079","3,200,000",905,"19,156","3,980",15,68
7/29/24,ConfuseUs,748,"42,895","66,228","4,550",990,"1,200,000","1,389","16,392","4,234",15,80
7/29/24,Locks,795,"42,388","76,801","3,205","1,117","1,200,000","1,258","15,361","4,244",,
7/29/24,Nostrogoth,938,"40,793","60,003","4,095","1,831","1,300,000","1,018","19,113","4,188",15,80
7/29/24,DaBear,"1,435","36,655","65,043","2,091","2,560","1,400,000",593,"13,270","3,803",13,68
7/29/24,Krn1,"1,582","35,623","61,711","4,553",238,"520,700",730,"17,015","4,220",12,63
7/29/24,Ulmos Mist,"1,618","35,420","48,355","4,273",871,"1,600,000",956,"12,999","3,709",19,80
7/29/24,Neba,"1,641","35,278","49,136","3,661",175,"4,000,000",766,"11,985","2,158",15,80
7/29/24,Cardinal,"1,724","34,727","44,131","2,631","1,674","1,900,000","1,037","18,778","4,077",15,80
7/29/24,ThorNDrJones,"1,779","34,369","61,715","2,125","1,991","1,200,000",650,"9,370","4,019",17,63
7/29/24,Caesar Salad,"1,801","34,252","54,356","1,863",845,"4,400,000",750,"6,000","2,064",15,80
7/29/24,Ajax,"2,119","32,498","30,451","3,643",611,"4,000,000",800,"10,820","3,224",15,80
7/29/24,Taysacks,"2,128","32,449","36,996","3,186","1,136","2,400,000",875,"15,356","3,756",15,80
7/29/24,CLV. Kelsie.,"2,462","30,959","63,852","2,297",658,"596,000",730,"13,254","2,918",17,80
7/29/24,sensejus,"2,702","29,925","31,024","2,410","1,828","2,500,000",656,"15,853","3,788",15,80
7/29/24,shy66,"2,844","29,344","30,217","3,252",114,"2,100,000","1,293","9,542","3,306",10,80
7/29/24,BEVO2112,"3,736","26,212","40,508",909,"2,434","1,400,000",632,"12,011","2,202",14,25
7/29/24,Achilles,"4,184","25,063","27,996","3,337",227,"2,400,000",379,"9,990","3,239",15,63
7/29/24,mands,"4,283","24,749","29,653",664,"3,192","1,900,000",551,"8,322","2,126",15,80
7/22/24,Sienna,68,"68,129","90,750","4,765","1,525","7,900,000","2,189","18,580","4,177",15,80
7/22/24,Niesa,165,"57,642","80,900","4,947","1,356","4,900,000","1,758","18,808","4,294",15,80
7/22/24,CVanquish,237,"54,449","95,375","3,226","1,970","5,000,000",796,"18,230","4,324",11,60
7/22/24,Cleopatre,317,"51,167","81,776","4,352","1,045","2,200,000","1,919","18,837","4,006",15,80
7/22/24,Andres M Leal,355,"49,972","70,033","4,587",961,"5,200,000",947,"18,152","4,388",15,80
7/22/24,Chip Finn,371,"49,689","60,484","5,936",508,"5,600,000",938,"18,751","3,728",15,80
7/22/24,Tinger61,475,"46,643","60,683","4,996",770,"4,700,000",941,"17,443","4,072",12,80
7/22/24,Beyondthestars,562,"44,904","73,270","2,341","3,030","1,500,000","1,354","17,006","4,194",15,80
7/22/24,Arden,625,"43,854","72,363","3,545","1,054","3,100,000",878,"18,876","3,979",15,77
7/22/24,ConfuseUs,759,"42,266","65,181","4,473",961,"1,200,000","1,364","16,162","4,231",15,70
7/22/24,Nostrogoth,965,"40,218","59,182","4,024","1,796","1,300,000",998,"18,733","4,188",27,29
7/22/24,DaBear,"1,440","36,226","64,338","2,049","2,525","1,400,000",593,"13,007","3,788",11,69
7/22/24,Krn1,"1,580","35,274","60,959","4,485",235,"519,700",730,"16,852","4,220",12,60
7/22/24,Ulmos Mist,"1,633","34,911","47,887","4,214",847,"1,600,000",932,"12,793","3,631",22,80
7/22/24,Cardinal,"1,766","34,100","43,173","2,579","1,640","1,900,000","1,006","18,778","4,075",13,80
7/22/24,Neba,"1,780","33,990","48,339","3,546",168,"3,900,000",647,"11,720","2,153",15,80
7/22/24,ThorNDrJones,"1,794","33,924","60,872","2,085","1,963","1,200,000",639,"9,244","4,016",13,63
7/22/24,Caesar Salad,"1,934","33,103","53,024","1,745",792,"4,200,000",730,"6,000","2,042",13,80
7/22/24,Taysacks,"2,181","31,805","35,844","3,134","1,102","2,400,000",855,"15,061","3,753",10,80
7/22/24,Ajax,"2,235","31,584","29,518","3,524",607,"3,800,000",776,"10,486","3,221",15,80
7/22/24,CLV. Kelsie.,"2,511","30,433","62,932","2,174",648,"590,800",730,"13,058","2,918",25,80
7/22/24,sensejus,"2,784","29,252","30,044","2,341","1,772","2,400,000",656,"15,470","3,771",15,80
7/22/24,shy66,"2,974","28,464","29,031","3,159",109,"2,000,000","1,272","9,049","3,245",14,80
7/22/24,BEVO2112,"3,739","25,961","40,118",903,"2,415","1,400,000",625,"11,826","2,187",15,40
7/22/24,Achilles,"4,243","24,643","27,512","3,266",220,"2,300,000",367,"9,852","3,228",12,80
7/22/24,mands,"4,327","24,357","29,278",661,"3,110","1,900,000",541,"8,237","2,117",15,64
7/15/24,Sienna,70,"67,003","89,358","4,707","1,484","7,800,000","2,142","18,326","4,065",18,80
7/15/24,Niesa,170,"56,565","79,459","4,815","1,338","4,800,000","1,728","18,420","4,186",15,80
7/15/24,CVanquish,232,"53,846","94,384","3,178",1946,"4,900,000",796,"18,040","4,219",12,68
7/15/24,Cleopatre,334,"49,930","80,622","4,197","1,024","2,100,000","1,839","18,511","3,928",15,80
7/15/24,Andres M Leal,354,"49,254","69,061","4,508",948,"5,100,000",937,"17,895","4,283",15,80
7/15/24,Chip Finn,383,"48,605","59,524","5,804",507,"5,600,000",878,"18,427","3,652",18,80
7/15/24,Tinger61,488,"45,700","59,404","4,899",750,"4,600,000",930,"17,079","3,956",13,80
7/15/24,Beyondthestars,563,"44,263","72,246","2,301","2,979","1,500,000","1,354","16,816","4,086",15,80
7/15/24,Arden,645,"42,966","71,291","3,462","1,023","3,000,000",865,"18,546","3,866",15,64
7/15/24,ConfuseUs,780,"41,427","64,033","4,375",933,"1,200,000","1,331","15,936","4,141",15,73
7/15/24,Nostrogoth,957,"39,655","58,465","3,983","1,780","1,300,000",978,"18,402","4,071",15,80
7/15/24,DaBear,"1,450","35,631","63,521","1,995","2,492","1,400,000",593,"12,811","3,713",11,73
7/15/24,Krn1,"1,632","34,369","60,297","4,417",234,"517,000",640,"16,704","4,088",12,60
7/15/24,Ulmos Mist,"1,688","34,058","47,481","4,152",824,"1,600,000",842,"12,662","3,526",20,80
7/15/24,ThorNDrJones,"1,825","33,292","60,083","2,034","1,938","1,200,000",600,"9,170","3,941",15,63
7/15/24,Cardinal,"1,827","33,289","42,152","2,521","1,605","1,900,000",973,"18,663","3,947",15,80
7/15/24,Neba,"1,886","32,907","47,210","3,421",162,"3,800,000",647,"11,334","1,922",,
7/15/24,Caesar Salad,"2,145","31,521","51,713","1,612",746,"4,000,000",650,"6,000","1,928",12,80
7/15/24,Taysacks,"2,293","30,892","34,748","3,055","1,066","2,300,000",820,"14,887","3,636",13,80
7/15/24,Ajax,"2,394","30,475","28,437","3,424",598,"3,700,000",726,"10,176","3,107",15,80
7/15/24,sensejus,"3,014","27,928","28,765","2,257","1,723","2,300,000",576,"15,210","3,653",13,80
7/15/24,shy66,"3,080","27,717","28,059","3,065",97,"2,000,000","1,272","8,778","3,093",15,80
7/15/24,ChecoMx,"3,520","26,252","39,308",430,"3,665","896,300",498,"8,220","3,130",15,57
7/15/24,BEVO2112,"3,742","25,613","39,578",903,"2,375","1,300,000",617,"11,676","2,157",13,54
7/15/24,Achilles,"4,306","24,128","27,028","3,185",203,"2,300,000",361,"9,685","3,168",,
7/15/24,mands,"4,383","23,882","28,742",652,"3,042","1,800,000",531,"8,107","2,057",15,80
7/15/24,CLV. Kelsie.2,"6,812","18,775","23,429","1,314",589,"606,400",852,"11,044","2,534",25,63
7/8/24,Sienna,72,"65,698","88,048","4,630","1,444","7,700,000","2,081","17,952","3,930",17,80
7/8/24,Niesa,178,"55,329","78,017","4,727","1,308","4,700,000","1,688","17,930","3,988",19,80
7/8/24,CVanquish,234,"53,119","93,411","3,126","1,921","4,900,000",796,"17,776","4,054",13,71
7/8/24,Cleopatre,348,"48,858","79,311","4,055","1,000","2,100,000","1,819","18,204","3,751",15,80
7/8/24,Andres M Leal,365,"48,412","68,039","4,437",924,"5,100,000",917,"17,605","4,131",15,80
7/8/24,Chip Finn,387,"47,969","58,458","5,659",505,"5,400,000",878,"18,148","3,559",18,80
7/8/24,Tinger61,514,"44,587","58,156","4,796",728,"4,500,000",888,"16,784","3,797",13,80
7/8/24,Beyondthestars,577,"43,420","70,829","2,250","2,926","1,500,000","1,354","16,552","3,900",15,80
7/8/24,Arden,667,"42,082","70,326","3,401",994,"2,900,000",838,"18,247","3,755",15,51
7/8/24,ConfuseUs,796,"40,591","62,854","4,256",906,"1,100,000","1,311","15,700","4,051",15,63
7/8/24,Nostrogoth,"1,001","38,601","57,618","3,889","1,746","1,300,000",893,"18,210","3,960",15,80
7/8/24,DaBear,"1,528","34,590","62,735","1,956","2,448","1,300,000",493,"12,636","3,608",12,68
7/8/24,Krn1,"1,656","33,780","59,495","4,348",231,"506,900",640,"16,562","3,878",12,64
7/8/24,Ulmos Mist,"1,673","33,688","47,117","4,095",798,"1,600,000",839,"12,523","3,451",18,80
7/8/24,ThorNDrJones,"1,830","32,814","59,213","1,993","1,909","1,200,000",600,"9,029","3,851",15,66
7/8/24,Cardinal,"1,889","32,466","41,169","2,459","1,566","1,800,000",938,"18,017","3,873",15,80
7/8/24,Caesar Salad,"2,423","29,930","50,213","1,461",700,"3,800,000",650,"5,405","1,655",12,80
7/8/24,Taysacks,"2,425","29,922","33,656","2,977","1,024","2,200,000",800,"14,562","3,480",10,80
7/8/24,Ajax,"2,552","29,476","27,335","3,296",588,"3,600,000",709,"9,912","2,979",15,80
7/8/24,CLV. Kelsie.,"2,597","29,308","61,306","2,006",632,"556,200",730,"12,364","2,707",24,80
7/8/24,sensejus,"3,142","27,144","27,805","2,195","1,676","2,200,000",576,"14,894","3,534",15,80
7/8/24,shy66,"3,190","26,939","26,927","2,973",73,"1,900,000","1,272","8,577","2,968",15,80
7/8/24,ChecoMx,"3,537","25,898","38,635",429,"3,607","896,300",498,"8,145","3,070",15,64
7/8/24,BEVO2112,"3,781","25,177","39,065",895,"2,323","1,300,000",605,"11,541","2,112",12,70
7/8/24,mands,"4,485","23,295","28,027",644,"2,963","1,800,000",519,"8,001","1,988",15,68
7/1/24,Sienna,72,"64,525","86,684","4,527","1,387","7,500,000","2,041","17,583","3,905",18,80
7/1/24,Niesa,184,"54,078","76,717","4,605","1,270","4,700,000","1,598","17,700","3,985",15,80
7/1/24,CVanquish,229,"52,456","92,480","3,072","1,891","4,800,000",796,"17,496","3,994",14,66
7/1/24,Andres M Leal,360,"47,778","67,165","4,370",904,"5,000,000",907,"17,466","4,068",15,80
7/1/24,Cleopatre,364,"47,645","78,033","3,949",959,"2,000,000","1,739","17,928","3,722",15,80
7/1/24,Chip Finn,394,"46,774","57,451","5,498",499,"5,300,000",878,"17,843","3,454",15,80
7/1/24,Tinger61,536,"43,513","56,936","4,687",701,"4,400,000",850,"16,529","3,722",12,80
7/1/24,Beyondthestars,580,"42,675","69,853","2,201","2,881","1,500,000","1,304","16,247","3,900",13,80
7/1/24,Frenchy724,581,"42,662","64,769","4,151","1,691","1,800,000","1,229","17,367","3,125",15,80
7/1/24,Arden,681,"41,287","69,517","3,338",955,"2,800,000",809,"17,996","3,692",15,73
7/1/24,ConfuseUs,833,"39,737","61,777","4,131",886,"1,100,000","1,282","15,526","3,946",15,67
7/1/24,Nostrogoth,"1,013","37,979","56,734","3,800","1,704","1,300,000",893,"17,940","3,900",15,80
7/1/24,DaBear,"1,542","34,015","61,910","1,911","2,403","1,300,000",493,"12,409","3,488",12,74
7/1/24,Krn1,"1,637","33,446","58,849","4,276",226,"504,000",640,"16,432","3,878",12,68
7/1/24,Ulmos Mist,"1,659","33,340","46,548","4,034",770,"1,600,000",838,"12,405","3,451",20,80
7/1/24,ThorNDrJones,"1,833","32,320","58,291","1,950","1,879","1,200,000",599,"8,928","3,761",10,68
7/1/24,Cardinal,"1,929","31,718","40,264","2,401","1,518","1,800,000",912,"17,593","3,777",10,80
7/1/24,Taysacks,"2,539","29,090","32,731","2,901",980,"2,200,000",770,"14,213","3,450",10,80
7/1/24,CLV. Kelsie.,"2,649","28,690","60,606","1,871",602,"539,800",730,"12,089","2,654",42,80
7/1/24,Ajax,"2,649","28,660","26,314","3,200",570,"3,600,000",678,"9,645","2,968",15,80
7/1/24,Caesar Salad,"2,706","28,424","48,960","1,314",638,"3,500,000",610,"4,856","1,610",12,80
7/1/24,sensejus,"3,234","26,411","26,961","2,113","1,633","2,100,000",576,"14,684","3,466",15,80
7/1/24,shy66,"3,321","26,158","25,866","2,841",57,"1,900,000","1,272","8,400","2,885",15,80
7/1/24,ChecoMx,"3,530","25,566","37,993",428,"3,540","896,300",498,"8,085","3,040",12,63
7/1/24,BEVO2112,"3,840","24,648","38,274",887,"2,258","1,300,000",593,"11,458","2,037",18,80
7/1/24,mands,"4,548","22,830","27,569",640,"2,893","1,800,000",503,"7,891","1,922",15,80
6/24/24,Sienna,75,"63,263","85,364","4,404","1,353","7,400,000","1,991","17,161","3,846",22,80
6/24/24,Niesa,189,"53,253","75,335","4,499","1,249","4,600,000","1,598","17,687","3,937",20,80
6/24/24,CVanquish,227,"51,807","91,387","3,001","1,869","4,700,000",796,"17,122","3,994",12,66
6/24/24,Andres M Leal,364,"47,043","66,176","4,284",881,"4,900,000",887,"17,199","4,068",15,80
6/24/24,Cleopatre,380,"46,578","76,311","3,783",938,"1,900,000","1,739","17,724","3,671",18,80
6/24/24,Chip Finn,402,"46,018","56,469","5,351",496,"5,200,000",878,"17,728","3,454",15,80
6/24/24,Guero,445,"44,795","58,604","3,894","1,991","4,500,000",759,"17,719","3,761",10,80
6/24/24,Tinger61,551,"42,698","55,751","4,564",685,"4,300,000",837,"16,384","3,722",12,80
6/24/24,Beyondthestars,587,"42,029","68,710","2,144","2,831","1,400,000","1,304","15,805","3,864",16,80
6/24/24,Frenchy724,602,"41,715","63,727","4,083","1,653","1,800,000","1,172","16,880","3,112",15,80
6/24/24,Arden,701,"40,591","68,593","3,285",923,"2,800,000",799,"17,821","3,641",,
6/24/24,ConfuseUs,863,"39,002","60,650","4,054",865,"1,100,000","1,252","15,247","3,886",15,70
6/24/24,Nostrogoth,"1,032","37,352","55,836","3,687","1,670","1,200,000",893,"17,749","3,840",15,76
6/24/24,DaBear,"1,562","33,539","61,143","1,858","2,379","1,200,000",493,"12,259","3,488",10,69
6/24/24,Krn1,"1,626","33,084","58,131","4,200",219,"503,800",640,"16,278","3,878",12,64
6/24/24,Ulmos Mist,"1,685","32,777","45,324","3,974",746,"1,500,000",838,"12,194","3,451",19,80
6/24/24,ThorNDrJones,"1,851","31,795","57,558","1,900","1,847","1,200,000",586,"8,770","3,686",12,63
6/24/24,Cardinal,"1,986","31,083","39,424","2,347","1,482","1,800,000",882,"17,498","3,734",26,80
6/24/24,Taysacks,"2,665","28,248","31,821","2,828",950,"2,100,000",740,"14,011","3,402",12,80
6/24/24,CLV. Kelsie.,"2,666","28,246","59,813","1,791",601,"532,600",730,"12,054","2,588",15,80
6/24/24,Ajax,"2,773","27,831","25,202","3,086",560,"3,500,000",678,"9,448","2,895",12,80
6/24/24,Caesar Salad,"2,991","26,998","47,709","1,181",596,"3,200,000",580,"4,800","1,610",12,80
6/24/24,sensejus,"3,370","25,760","25,896","2,052","1,599","2,100,000",576,"14,407","3,436",15,80
6/24/24,shy66,"3,481","25,434","24,789","2,691",56,"1,800,000","1,272","8,220","2,885",10,80
6/24/24,ChecoMx,"3,541","25,247","37,394",428,"3,476","890,300",498,"7,945","3,025",15,69
6/24/24,BEVO2112,"3,917","24,230","37,770",867,"2,196","1,200,000",582,"11,251","2,037",,
6/24/24,mands,"4,641","22,358","27,021",638,"2,810","1,700,000",491,"7,768","1,889",20,76
6/17/24,Sienna,76,"62,218","84,153","4,257","1,331","7,300,000","1,965","16,864","3,844",15,80
6/17/24,Niesa,192,"52,409","74,127","4,389","1,225","4,400,000","1,598","17,299","3,932",18,80
6/17/24,CVanquish,220,"51,262","90,461","2,961","1,843","4,700,000",789,"16,899","3,991",16,76
6/17/24,Andres M Leal,375,"46,297","65,228","4,210",861,"4,900,000",857,"16,963","4,063",14,80
6/17/24,Cleopatre,393,"45,518","75,167","3,656",904,"1,800,000","1,709","17,414","3,670",15,80
6/17/24,Chip Finn,403,"45,203","55,580","5,186",496,"5,100,000",878,"17,372","3,454",15,80
6/17/24,Guero,457,"43,992","57,608","3,770","1,952","4,400,000",759,"17,447","3,756",10,80
6/17/24,Tinger61,569,"41,788","54,564","4,433",668,"4,200,000",807,"16,034","3,721",12,80
6/17/24,Beyondthestars,589,"41,323","67,665","2,100","2,778","1,400,000","1,264","15,512","3,862",14,80
6/17/24,Frenchy724,612,"41,010","62,710","4,019","1,617","1,700,000","1,142","16,574","3,109",11,80
6/17/24,Arden,699,"40,121","68,193","3,268",923,"2,700,000",752,"17,504","3,641",15,73
6/17/24,ConfuseUs,868,"38,405","59,588","3,987",842,"1,100,000","1,229","15,029","3,885",15,65
6/17/24,Nostrogoth,"1,045","36,773","55,067","3,569","1,644","1,200,000",893,"17,367","3,837",,
6/17/24,DaBear,"1,572","33,018","60,382","1,791","2,350","1,200,000",493,"12,019","3,475",10,70
6/17/24,Krn1,"1,624","32,701","57,349","4,121",217,"503,600",640,"16,140","3,866",12,74
6/17/24,Ulmos Mist,"1,674","32,410","44,756","3,903",720,"1,500,000",838,"12,078","3,436",28,80
6/17/24,ThorNDrJones,"1,841","31,447","56,838","1,865","1,814","1,200,000",586,"8,646","3,677",14,68
6/17/24,Cardinal,"2,057","30,384","38,669","2,276","1,447","1,800,000",842,"17,108","3,723",,
6/17/24,Taysacks,"2,759","27,564","30,881","2,741",927,"2,000,000",728,"13,795","3,398",12,80
6/17/24,CLV. Kelsie.,"2,771","27,531","58,952","1,653",569,"469,700",730,"11,767","2,583",50,80
6/17/24,Ajax,"2,879","27,088","24,343","2,952",556,"3,400,000",672,"9,101","2,892",15,80
6/17/24,Caesar Salad,"3,350","25,545","46,525","1,048",559,"2,900,000",530,"4,688","1,607",10,80
6/17/24,sensejus,"3,530","24,996","25,050","1,974","1,548","1,900,000",576,"14,028","3,431",11,80
6/17/24,ChecoMx,"3,573","24,860","36,670",428,"3,407","887,300",488,"7,827","3,025",10,66
6/17/24,shy66,"3,574","24,858","23,929","2,589",53,"1,700,000","1,272","7,966","2,869",10,80
6/17/24,BEVO2112,"3,874","24,062","37,507",857,"2,196","1,200,000",578,"11,134","2,037",10,65
6/17/24,mands,"4,763","21,824","26,509",627,"2,728","1,700,000",471,"7,599","1,870",13,80
6/10/24,Sienna,77,"60,941","82,647","4,148","1,312","7,200,000","1,912","16,574","3,731",15,80
6/10/24,Niesa,199,"51,249","72,806","4,303","1,198","4,300,000","1,558","16,843","3,828",15,80
6/10/24,CVanquish,224,"50,307","89,357","2,900","1,818","4,600,000",759,"16,621","3,831",,80
6/10/24,Andres M Leal,376,"45,519","64,228","4,138",839,"4,800,000",857,"16,712","3,910",12,80
6/10/24,Cleopatre,399,"44,684","74,144","3,597",862,"1,700,000","1,709","17,072","3,573",,
6/10/24,Chip Finn,412,"44,346","54,589","5,084",494,"5,000,000",864,"17,025","3,364",15,80
6/10/24,Guero,485,"42,921","56,559","3,707","1,915","4,300,000",723,"17,067","3,529",,80
6/10/24,Tinger61,581,"40,866","53,401","4,349",640,"4,200,000",787,"15,691","3,616",2,80
6/10/24,Beyondthestars,598,"40,637","66,547","2,054","2,734","1,400,000","1,254","15,296","3,748",15,80
6/10/24,Frenchy724,615,"40,356","61,754","3,949","1,581","1,700,000","1,142","16,304","3,006",,80
6/10/24,Arden,704,"39,415","67,284","3,218",881,"2,600,000",750,"17,144","3,544",,68
6/10/24,ConfuseUs,887,"37,732","58,571","3,924",827,"1,100,000","1,199","14,768","3,806",9,63
6/10/24,Nostrogoth,"1,045","36,267","54,409","3,548","1,643","1,200,000",865,"17,020","3,725",15,75
6/10/24,DaBear,"1,595","32,387","59,574","1,715","2,305","1,200,000",493,"11,886","3,385",8,69
6/10/24,Krn1,"1,654","32,006","56,438","4,040",207,"498,600",640,"15,937","3,611",5,66
6/10/24,Ulmos Mist,"1,665","31,945","44,188","3,844",693,"1,500,000",838,"12,006","3,292",,80
6/10/24,ThorNDrJones,"1,849","30,942","56,007","1,821","1,777","1,100,000",584,"8,530","3,617",4,68
6/10/24,Taysacks,"2,890","26,658","29,956","2,681",892,"1,900,000",690,"13,536","3,299",10,80
6/10/24,Ajax,"3,045","26,146","23,473","2,861",543,"3,300,000",644,"8,750","2,748",5,80
6/10/24,ChecoMx,"3,676","24,205","35,791",420,"3,334","877,900",458,"7,679","2,935",6,63
6/10/24,Caesar Salad,"3,694","24,154","45,282",978,522,"2,600,000",530,"4,240","1,364",9,80
6/10/24,shy66,"3,711","24,099","22,891","2,504",42,"1,700,000","1,272","7,675","2,750",10,80
6/10/24,sensejus,"3,835","23,823","24,129","1,922","1,495","1,900,000",496,"13,768","3,261",,80
6/10/24,BEVO2112,"3,898","23,660","37,048",836,"2,152","1,200,000",566,"11,017","2,007",,64
6/10/24,mands,"4,887","21,275","25,901",617,"2,643","1,700,000",465,"7,425","1,768",,80
6/10/24,CLV. Kelsie.2,"8,269","15,406","19,795",838,539,"432,800",731,"9,663","2,216",225,80
6/3/24,Sienna,77,"59,859","81,464","4,068","1,275","7,100,000","1,864","16,418","3,633",18,80
6/3/24,Niesa,211,"49,797","69,985","4,229","1,164","4,200,000","1,527","16,556","3,696",19,80
6/3/24,CVanquish,226,"49,345","88,284","2,839","1,778","4,500,000",724,"16,356","3,705",17,68
6/3/24,Andres M Leal,375,"44,786","63,333","4,051",829,"4,700,000",847,"16,434","3,846",18,80
6/3/24,Chip Finn,431,"43,174","53,576","4,979",489,"4,900,000",802,"16,705","3,221",15,80
6/3/24,Guero,485,"42,117","55,543","3,643","1,875","4,200,000",703,"16,803","3,486",10,80
6/3/24,Tinger61,604,"39,900","52,200","4,254",611,"4,100,000",757,"15,432","3,511",10,80
6/3/24,Beyondthestars,613,"39,804","65,359","2,007","2,683","1,400,000","1,224","15,102","3,625",15,79
6/3/24,Frenchy724,624,"39,656","60,802","3,891","1,533","1,700,000","1,131","16,187","2,923",15,66
6/3/24,Arden,713,"38,705","66,430","3,168",838,"2,600,000",746,"16,863","3,458",15,58
6/3/24,ConfuseUs,888,"37,123","57,647","3,875",802,"1,100,000","1,179","14,592","3,701",,
6/3/24,Nostrogoth,"1,041","35,704","53,609","3,493","1,605","1,200,000",855,"16,789","3,635",15,80
6/3/24,DaBear,"1,598","31,851","58,716","1,676","2,260","1,100,000",493,"11,675","3,310",12,60
6/3/24,Ulmos Mist,"1,656","31,546","43,686","3,782",668,"1,500,000",838,"11,834","3,214",24,80
6/3/24,Krn1,"1,702","31,297","55,559","3,972",201,"477,400",590,"15,754","3,581",12,65
6/3/24,ThorNDrJones,"1,923","30,169","55,181","1,775","1,737","1,100,000",545,"8,418","3,542",12,63
6/3/24,Minsk1968,"1,964","29,902","35,930","4,378",785,"742,100",763,"16,355","3,659",21,80
6/3/24,Cardinal,"1,998","29,762","37,865","2,243","1,434","1,700,000",832,"16,483","3,577",,
6/3/24,CLV. Kelsie.,"2,825","26,532","57,157","1,553",552,"429,500",730,"11,014","2,422",29,80
6/3/24,Taysacks,"3,048","25,813","28,956","2,620",845,"1,900,000",670,"13,132","3,176",10,80
6/3/24,Ajax,"3,181","25,356","22,703","2,769",528,"3,200,000",621,"8,505","2,685",12,80
6/3/24,ChecoMx,"3,668","23,877","35,208",420,"3,270","869,300",458,"7,617","2,905",15,57
6/3/24,BEVO2112,"3,924","23,225","36,539",817,"2,104","1,200,000",555,"10,891","1,977",12,21
6/3/24,sensejus,"3,936","23,188","23,347","1,875","1,432","1,800,000",496,"13,540","3,150",,
6/3/24,shy66,"3,995","23,052","21,651","2,403",40,"1,500,000","1,271","7,285","2,497",10,80
6/3/24,Caesar Salad,"4,304","22,333","44,023",916,472,"2,300,000",450,"3,784","1,182",12,80
6/3/24,mands,"4,939","20,884","25,562",613,"2,565","1,600,000",453,"7,374","1,735",12,75
6/3/24,CLV. Kelsie.2,"8,888","14,396","18,725",697,516,"395,000",701,"9,336","2,060",,
5/27/24,Sienna,79,"58,776","80,280","3,970","1,242","6,900,000","1,822","16,071","3,616",16,80
5/27/24,Niesa,214,"48,939","68,842","4,152","1,130","4,100,000","1,498","16,438","3,690",18,80
5/27/24,CVanquish,221,"48,652","87,085","2,775","1,741","4,400,000",724,"16,122","3,705",13,68
5/27/24,Andres M Leal,376,"44,025","62,320","3,947",814,"4,600,000",847,"16,031","3,800",15,80
5/27/24,Chip Finn,439,"42,464","52,710","4,869",485,"4,800,000",802,"16,616","3,204",17,80
5/27/24,Guero,490,"41,431","54,645","3,582","1,831","4,100,000",693,"16,699","3,486",10,80
5/27/24,Beyondthestars,609,"39,309","64,426","1,971","2,630","1,300,000","1,224","14,838","3,601",15,80
5/27/24,Tinger61,627,"39,063","51,180","4,159",585,"4,000,000",737,"15,327","3,490",10,74
5/27/24,Frenchy724,641,"38,871","59,850","3,824","1,502","1,600,000","1,101","15,861","2,841",12,74
5/27/24,Arden,728,"37,961","65,640","3,121",805,"2,500,000",727,"16,739","3,389",13,72
5/27/24,Nostrogoth,"1,064","35,028","52,747","3,434","1,572","1,200,000",829,"16,713","3,545",15,80
5/27/24,DaBear,"1,611","31,344","58,095","1,630","2,226","1,100,000",483,"11,553","3,235",13,71
5/27/24,Krn1,"1,697","30,875","54,715","3,893",200,"461,700",590,"15,556","3,581",12,67
5/27/24,Ulmos Mist,"1,708","30,799","43,292","3,720",642,"1,500,000",758,"11,727","3,157",24,80
5/27/24,ThorNDrJones,"1,939","29,664","54,449","1,735","1,703","1,000,000",545,"8,321","3,437",12,70
5/27/24,Cardinal,"1,979","29,410","37,417","2,227","1,428","1,700,000",822,"16,378","3,483",16,80
5/27/24,Minsk1968,"2,003","29,315","35,090","4,302",765,"737,600",744,"16,251","3,588",14,80
5/27/24,CLV. Kelsie.,"2,892","25,919","56,110","1,465",537,"412,900",730,"10,854","2,326",23,80
5/27/24,Taysacks,"3,156","25,103","28,006","2,559",800,"1,800,000",650,"12,968","3,149",12,80
5/27/24,Ajax,"3,300","24,601","21,811","2,680",516,"3,100,000",601,"8,420","2,673",13,80
5/27/24,ChecoMx,"3,681","23,538","34,540",419,"3,212","859,800",458,"7,560","2,875",15,63
5/27/24,BEVO2112,"3,889","22,984","36,137",809,"2,090","1,100,000",550,"10,800","1,947",,
5/27/24,sensejus,"3,941","22,880","22,901","1,859","1,415","1,800,000",496,"13,143","3,150",,
5/27/24,shy66,"4,175","22,302","20,643","2,302",35,"1,500,000","1,248","7,200","2,465",14,80
5/27/24,Caesar Salad,"4,746","21,072","42,953",850,425,"2,000,000",450,"3,600","1,070",12,80
5/27/24,mands,"5,023","20,397","25,048",612,"2,489","1,600,000",439,"7,256","1,681",26,80
5/20/24,Sienna,80,"57,520","78,980","3,897","1,210","6,800,000","1,741","15,822","3,552",17,80
5/20/24,CVanquish,221,"47,879","85,939","2,707","1,702","4,300,000",704,"15,846","3,705",10,73
5/20/24,Niesa,227,"47,755","67,503","4,066","1,110","4,000,000","1,428","16,011","3,624",18,80
5/20/24,Andres M Leal,386,"43,087","61,184","3,854",801,"4,500,000",807,"15,761","3,766",15,80
5/20/24,Chip Finn,438,"41,766","51,810","4,769",484,"4,700,000",802,"16,231","3,204",15,80
5/20/24,Guero,493,"40,675","53,687","3,511","1,799","4,000,000",673,"16,389","3,486",10,77
5/20/24,Beyondthestars,614,"38,619","63,453","1,933","2,580","1,300,000","1,184","14,627","3,571",14,76
5/20/24,Tinger61,672,"38,093","50,053","4,065",573,"3,900,000",707,"15,257","3,421",12,73
5/20/24,Frenchy724,691,"37,910","59,021","3,766","1,468","1,600,000","1,014","15,506","2,841",15,63
5/20/24,Arden,762,"37,158","64,792","3,062",766,"2,300,000",708,"16,352","3,356",15,63
5/20/24,Nostrogoth,"1,061","34,524","51,916","3,371","1,540","1,200,000",819,"16,385","3,545",15,80
5/20/24,DaBear,"1,629","30,833","57,318","1,593","2,183","1,100,000",483,"11,183","3,205",13,67
5/20/24,Ulmos Mist,"1,707","30,435","42,974","3,662",617,"1,500,000",738,"11,555","3,157",27,80
5/20/24,Krn1,"1,717","30,360","53,658","3,817",199,"423,400",590,"15,352","3,581",12,62
5/20/24,ThorNDrJones,"1,949","29,222","53,749","1,692","1,670","1,000,000",545,"8,160","3,407",12,62
5/20/24,Cardinal,"2,025","28,835","36,862","2,175","1,374","1,700,000",807,"16,378","3,448",13,80
5/20/24,Minsk1968,"2,050","28,709","34,245","4,208",755,"731,100",728,"15,954","3,524",,
5/20/24,CLV. Kelsie.,"2,976","25,351","54,920","1,370",531,"403,100",730,"10,677","2,295",27,80
5/20/24,Taysacks,"3,299","24,338","27,085","2,504",763,"1,700,000",617,"12,710","3,101",10,80
5/20/24,Ajax,"3,544","23,668","20,782","2,584",514,"3,000,000",560,"8,163","2,617",,
5/20/24,ChecoMx,"3,704","23,182","33,908",419,"3,149","837,100",458,"7,448","2,860",20,65
5/20/24,BEVO2112,"3,843","22,819","35,816",809,"2,090","1,100,000",546,"10,643","1,947",,
5/20/24,sensejus,"3,893","22,710","22,510","1,851","1,406","1,800,000",496,"12,908","3,150",14,66
5/20/24,shy66,"4,740","20,837","19,585","2,197",35,"1,400,000","1,077","6,910","2,465",10,80
5/20/24,mands,"5,102","19,996","24,638",611,"2,409","1,600,000",427,"7,173","1,666",20,72
5/20/24,Caesar Salad,"5,176","19,863","41,769",749,379,"1,700,000",430,"3,600","1,070",12,80
5/13/24,Sienna,83,"56,492","77,656","3,819","1,182","6,700,000","1,707","15,553","3,552",,
5/13/24,CVanquish,220,"47,152","84,721","2,651","1,659","4,200,000",704,"15,577","3,705",14,73
5/13/24,Niesa,222,"47,107","66,333","3,989","1,093","4,000,000","1,428","15,694","3,624",25,80
5/13/24,Andres M Leal,390,"42,432","60,270","3,774",784,"4,400,000",807,"15,515","3,766",15,80
5/13/24,Chip Finn,447,"40,947","50,809","4,641",481,"4,500,000",802,"15,926","3,204",15,80
5/13/24,Guero,502,"39,994","52,734","3,449","1,767","3,900,000",663,"16,015","3,486",10,80
5/13/24,Beyondthestars,611,"38,174","62,507","1,903","2,531","1,300,000","1,184","14,502","3,571",19,80
5/13/24,Frenchy724,680,"37,502","58,282","3,714","1,442","1,500,000","1,014","15,194","2,841",16,72
5/13/24,Tinger61,700,"37,342","48,996","3,994",556,"3,800,000",687,"14,947","3,421",12,80
5/13/24,Arden,786,"36,480","64,013","3,008",733,"2,200,000",691,"16,023","3,356",15,51
5/13/24,Nostrogoth,"1,078","33,962","51,050","3,304","1,511","1,200,000",802,"15,995","3,545",15,80
5/13/24,DaBear,"1,637","30,457","56,627","1,559","2,136","1,000,000",483,"11,068","3,205",12,72
5/13/24,Ulmos Mist,"1,706","30,098","42,655","3,605",593,"1,500,000",724,"11,345","3,157",,
5/13/24,Krn1,"1,745","29,863","52,510","3,744",197,"403,700",590,"15,149","3,581",13,64
5/13/24,ThorNDrJones,"1,962","28,838","53,032","1,653","1,642","1,000,000",545,"7,977","3,407",12,66
5/13/24,Cardinal,"2,100","28,110","35,786","2,097","1,336","1,600,000",776,"16,290","3,448",13,80
5/13/24,GoliathOne,"2,583","26,339","30,380","2,343","1,833","1,300,000",761,"10,001","2,909",20,80
5/13/24,CLV. Kelsie.,"3,073","24,750","53,475","1,283",524,"398,800",730,"10,240","2,295",21,80
5/13/24,Taysacks,"3,412","23,739","26,202","2,452",732,"1,700,000",587,"12,447","3,101",12,80
5/13/24,ChecoMx,"3,747","22,824","33,326",419,"3,084","826,000",448,"7,349","2,860",15,63
5/13/24,sensejus,"3,951","22,297","21,835","1,809","1,368","1,700,000",496,"12,685","3,150",15,80
5/13/24,shy66,"4,899","20,239","18,550","2,105",34,"1,400,000","1,077","6,491","2,465",10,80
5/13/24,mands,"5,266","19,535","24,178",603,"2,329","1,500,000",411,"7,071","1,666",23,76
5/13/24,DrowC,"5,434","19,204","28,959","1,131","1,534","510,400",490,"7,300","2,433",16,60
5/13/24,Caesar Salad,"5,788","18,559","40,610",666,341,"1,500,000",378,"3,230","1,070",12,80
5/6/24,Niesa,217,"46,371","65,046","3,913","1,072","3,900,000","1,418","15,457","3,594",15,80
5/6/24,CVanquish,231,"45,909","83,492","2,583","1,618","4,100,000",654,"15,288","3,483",14,75
5/6/24,Andres M Leal,405,"41,347","59,031","3,694",769,"4,300,000",777,"15,299","3,571",10,80
5/6/24,Chip Finn,493,"39,427","49,780","4,504",476,"4,400,000",697,"15,609","3,050",13,80
5/6/24,Guero,502,"39,327","51,781","3,390","1,730","3,900,000",653,"15,728","3,450",10,80
5/6/24,Beyondthestars,627,"37,412","61,394","1,865","2,481","1,300,000","1,154","14,265","3,475",10,80
5/6/24,Frenchy724,681,"36,908","57,407","3,654","1,412","1,500,000","1,014","15,035","2,729",10,80
5/6/24,Tinger61,747,"36,286","47,597","3,874",530,"3,700,000",662,"14,496","3,362",8,80
5/6/24,Arden,808,"35,704","63,215","2,964",685,"2,100,000",662,"15,729","3,337",10,80
5/6/24,TINY warrior,975,"34,234","65,292","2,368",783,"2,200,000",562,"8,194","3,531",86,80
5/6/24,SamYou,"1,079","33,497","57,589","2,155","1,896","1,200,000",708,"14,843","3,409",12,68
5/6/24,Nostrogoth,"1,107","33,305","50,149","3,243","1,477","1,200,000",777,"15,720","3,470",13,72
5/6/24,DaBear,"1,661","29,859","55,768","1,489","2,075","1,000,000",483,"10,752","3,169",8,76
5/6/24,Krn1,"1,827","29,057","51,234","3,649",189,"386,800",590,"14,962","3,353",10,63
5/6/24,ThorNDrJones,"1,999","28,212","52,225","1,614","1,609","1,000,000",504,"7,837","3,377",12,64
5/6/24,Cardinal,"2,217","27,276","34,844","2,008","1,302","1,600,000",741,"15,667","3,422",10,80
5/6/24,GoliathOne,"2,616","25,881","29,690","2,296","1,783","1,300,000",761,"9,706","2,883",18,80
5/6/24,CLV. Kelsie.,"3,199","24,027","52,248","1,164",513,"354,500",730,"9,884","2,263",21,80
5/6/24,Taysacks,"3,619","22,887","25,240","2,394",690,"1,700,000",535,"12,033","3,065",10,80
5/6/24,ChecoMx,"3,773","22,448","32,653",418,"3,019","820,000",438,"7,233","2,857",12,64
5/6/24,BEVO2112,"3,912","22,082","34,759",752,"2,050","1,000,000",530,"10,293","1,912",10,60
5/6/24,sensejus,"4,289","21,245","20,892","1,760","1,319","1,600,000",431,"12,402","3,110",16,80
5/6/24,shy66,"5,227","19,345","17,271","2,004",34,"1,200,000","1,077","6,142","2,390",10,80
5/6/24,mands,"5,350","19,088","23,762",591,"2,259","1,500,000",396,"6,935","1,642",21,74
5/6/24,DrowC,"5,476","18,858","28,430","1,111","1,491","510,400",480,"7,225","2,403",12,60
5/6/24,Caesar Salad,"6,586","16,980","39,431",601,308,"1,300,000",272,"2,750",952,9,80
4/29/24,Niesa,221,"45,346","63,721","3,831","1,048","3,800,000","1,388","15,287","3,414",17,80
4/29/24,CVanquish,241,"44,815","81,937","2,497","1,559","4,000,000",654,"14,951","3,360",12,68
4/29/24,Andres M Leal,417,"40,320","57,364","3,575",741,"4,200,000",774,"15,104","3,559",14,80
4/29/24,Chip Finn,495,"38,647","48,922","4,362",470,"4,300,000",697,"15,416","3,038",16,80
4/29/24,Guero,518,"38,356","50,773","3,326","1,693","3,800,000",633,"15,499","3,194",10,80
4/29/24,Beyondthestars,612,"36,906","60,330","1,816","2,436","1,300,000","1,153","14,154","3,454",20,80
4/29/24,Frenchy724,686,"36,223","56,360","3,583","1,369","1,500,000","1,014","14,817","2,655",14,76
4/29/24,Tinger61,780,"35,331","46,499","3,780",508,"3,600,000",628,"14,127","3,275",13,80
4/29/24,Arden,824,"34,936","62,436","2,909",631,"2,000,000",649,"15,556","3,250",15,55
4/29/24,TINY warrior,989,"33,542","64,076","2,289",761,"2,100,000",562,"8,130","3,503",,
4/29/24,SamYou,"1,086","32,855","56,894","2,104","1,849","1,200,000",694,"14,619","3,319",15,48
4/29/24,Nostrogoth,"1,109","32,660","49,272","3,178","1,445","1,100,000",757,"15,513","3,365",16,80
4/29/24,DaBear,"1,723","29,086","54,871","1,424","2,024","1,000,000",483,"10,606","2,962",10,64
4/29/24,Krn1,"1,842","28,553","50,538","3,567",182,"382,800",590,"14,693","3,236",12,68
4/29/24,ThorNDrJones,"2,062","27,498","50,711","1,569","1,582","971,900",504,"7,737","3,281",12,70
4/29/24,Cardinal,"2,334","26,391","33,996","1,940","1,264","1,500,000",701,"15,178","3,316",13,80
4/29/24,GoliathOne,"2,696","25,222","28,977","2,242","1,726","1,200,000",738,"9,540","2,811",21,80
4/29/24,CLV. Kelsie.,"3,444","22,966","50,432","1,016",480,"290,900",730,"9,654","2,169",25,80
4/29/24,Taysacks,"3,699","22,301","24,396","2,332",653,"1,700,000",535,"11,731","2,963",11,80
4/29/24,ChecoMx,"3,837","21,934","32,056",412,"2,952","811,600",418,"7,180","2,761",15,67
4/29/24,BEVO2112,"4,010","21,531","34,169",704,"1,998","1,000,000",515,"10,126","1,867",,
4/29/24,sensejus,"4,557","20,314","19,999","1,680","1,276","1,500,000",401,"12,110","3,019",15,80
4/29/24,mands,"5,442","18,635","23,171",591,"2,185","1,500,000",387,"6,816","1,609",22,77
4/29/24,shy66,"5,463","18,608","16,156","1,908",34,"1,100,000","1,077","6,000","2,303",10,80
4/29/24,DrowC,"5,623","18,344","27,888","1,081","1,454","501,800",460,"7,119","2,286",13,65
4/29/24,Caesar Salad,"7,053","16,045","38,456",532,266,"1,200,000",245,"2,400",941,15,80
4/22/24,CVanquish,229,"44,304","80,921","2,454","1,525","4,000,000",654,"14,691","3,354",11,66
4/22/24,Niesa,235,"44,205","62,601","3,745","1,029","3,800,000","1,288","15,287","3,390",15,80
4/22/24,Andres M Leal,421,"39,510","56,126","3,498",731,"4,000,000",764,"14,862","3,517",14,80
4/22/24,Chip Finn,498,"37,958","48,052","4,256",470,"4,200,000",697,"15,164","3,038",15,80
4/22/24,Guero,523,"37,618","49,883","3,260","1,661","3,700,000",613,"15,281","3,139",10,80
4/22/24,Beyondthestars,647,"35,988","59,336","1,769","2,389","1,300,000","1,081","13,982","3,361",25,74
4/22/24,Frenchy724,725,"35,227","55,574","3,514","1,329","1,400,000",934,"14,419","2,609",15,70
4/22/24,Tinger61,800,"34,551","45,505","3,692",498,"3,500,000",603,"14,104","3,182",13,76
4/22/24,Arden,824,"34,348","61,739","2,865",608,"2,000,000",636,"15,556","3,166",15,78
4/22/24,SamYou,"1,080","32,330","56,238","2,055","1,829","1,200,000",682,"14,341","3,253",17,64
4/22/24,Nostrogoth,"1,107","32,132","48,391","3,104","1,421","1,100,000",747,"15,251","3,338",15,80
4/22/24,DaBear,"1,741","28,564","54,195","1,383","1,983","972,400",483,"10,330","2,890",12,68
4/22/24,Ulmos Mist,"1,795","28,287","39,826","3,503",569,"1,400,000",645,"10,901","2,893",24,80
4/22/24,Krn1,"1,828","28,151","49,908","3,488",170,"379,700",590,"14,363","3,212",12,60
4/22/24,ThorNDrJones,"2,070","27,028","49,908","1,529","1,545","963,100",504,"7,563","3,200",12,67
4/22/24,Cardinal,"2,417","25,743","33,331","1,870","1,238","1,500,000",672,"15,113","3,243",12,80
4/22/24,GoliathOne,"2,795","24,535","28,234","2,177","1,673","1,200,000",717,"9,302","2,733",28,80
4/22/24,CLV. Kelsie.,"3,509","22,473","49,568",937,465,"285,100",730,"9,397","2,117",19,80
4/22/24,Taysacks,"3,796","21,768","23,592","2,269",627,"1,700,000",533,"11,513","2,861",10,80
4/22/24,ChecoMx,"3,903","21,446","31,441",405,"2,877","780,800",418,"6,925","2,677",15,57
4/22/24,BEVO2112,"3,977","21,290","33,750",704,"1,997","1,000,000",509,"9,941","1,818",10,60
4/22/24,sensejus,"4,754","19,662","19,234","1,613","1,234","1,500,000",401,"11,814","2,902",14,80
4/22/24,mands,"5,533","18,214","22,862",587,"2,106","1,400,000",375,"6,678","1,576",20,80
4/22/24,DrowC,"5,673","18,002","27,370","1,057","1,408","497,700",450,"6,979","2,286",11,64
4/22/24,shy66,"6,350","16,843","14,909","1,787",33,"1,000,000",906,"6,000","2,177",11,80
4/22/24,Caesar Salad,"7,988","14,543","37,400",457,229,"1,000,000",149,"2,400",798,15,80
4/15/24,CVanquish,224,"43,801","80,057","2,409","1,496","3,900,000",644,"14,487","3,354",14,71
4/15/24,Niesa,241,"43,393","61,326","3,657","1,011","3,700,000","1,288","15,287","3,276",20,80
4/15/24,Andres M Leal,424,"38,721","55,185","3,425",719,"4,000,000",743,"14,498","3,466",17,80
4/15/24,Chip Finn,510,"37,239","47,129","4,151",469,"4,100,000",697,"14,787","2,987",12,80
4/15/24,Guero,533,"36,889","48,948","3,192","1,621","3,600,000",603,"14,886","3,139",10,80
4/15/24,Beyondthestars,654,"35,374","58,317","1,732","2,341","1,300,000","1,081","13,769","3,220",18,68
4/15/24,Frenchy724,727,"34,658","54,739","3,448","1,297","1,400,000",934,"14,093","2,576",,
4/15/24,Tinger61,813,"33,896","44,556","3,613",488,"3,500,000",593,"13,849","3,110",13,80
4/15/24,Arden,852,"33,643","61,014","2,821",560,"1,900,000",621,"15,410","3,088",11,76
4/15/24,SamYou,"1,089","31,747","55,496","2,002","1,803","1,100,000",669,"13,977","3,181",14,51
4/15/24,Nostrogoth,"1,138","31,459","47,542","3,031","1,392","1,100,000",727,"14,876","3,248",15,66
4/15/24,DaBear,"1,784","27,932","53,558","1,350","1,930","951,200",443,"10,112","2,854",11,64
4/15/24,Krn1,"1,807","27,821","49,316","3,415",169,"376,300",590,"14,093","3,212",12,68
4/15/24,Ulmos Mist,"1,867","27,572","39,211","3,440",544,"1,400,000",604,"10,720","2,827",22,80
4/15/24,ThorNDrJones,"2,094","26,540","49,126","1,496","1,505","937,300",504,"7,458","3,116",13,67
4/15/24,Cardinal,"2,498","25,087","32,545","1,807","1,202","1,500,000",649,"14,780","3,174",12,80
4/15/24,GoliathOne,"2,890","23,918","27,455","2,115","1,624","1,200,000",717,"8,933","2,663",26,80
4/15/24,CLV. Kelsie.,"3,585","21,959","48,725",862,446,"280,700",730,"9,134","2,037",15,80
4/15/24,ChecoMx,"3,921","21,123","30,987",404,"2,820","763,100",408,"6,846","2,677",14,57
4/15/24,Taysacks,"3,940","21,083","22,676","2,205",604,"1,600,000",502,"11,303","2,780",11,80
4/15/24,BEVO2112,"3,992","20,963","33,452",688,"1,953","1,000,000",499,"9,713","1,792",20,68
4/15/24,sensejus,"5,003","18,946","18,393","1,553","1,186","1,400,000",401,"11,524","2,730",10,70
4/15/24,mands,"5,699","17,673","22,222",581,"2,022","1,400,000",364,"6,501","1,513",27,60
4/15/24,DrowC,"5,793","17,517","26,897","1,029","1,364","485,700",430,"6,802","2,205",14,41
4/15/24,shy66,"6,922","15,779","13,712","1,656",31,"969,200",886,"5,505","2,058",10,80
4/15/24,Caesar Salad,"8,693","13,510","36,382",388,188,"847,800",139,"2,400",632,15,80
4/8/24,CVanquish,234,"42,786","79,127","2,361","1,464","3,900,000",554,"14,216","3,309",12,66
4/8/24,Niesa,247,"42,452","59,987","3,566",989,"3,600,000","1,288","14,849","3,183",18,80
4/8/24,Andres M Leal,459,"37,470","54,062","3,353",699,"3,800,000",663,"14,132","3,347",15,80
4/8/24,Chip Finn,518,"36,464","46,250","4,047",468,"4,000,000",697,"14,533","2,870",12,80
4/8/24,Guero,537,"36,150","48,010","3,113","1,595","3,500,000",593,"14,592","3,109",10,80
4/8/24,Beyondthestars,662,"34,588","57,342","1,696","2,297","1,300,000","1,021","13,613","3,166",28,77
4/8/24,Muttley,750,"33,904","61,669","2,031","1,755","821,200",941,"14,200","3,147",14,61
4/8/24,Tinger61,858,"33,000","43,540","3,523",476,"3,400,000",565,"13,374","2,993",12,80
4/8/24,Arden,884,"32,803","60,233","2,768",509,"1,800,000",600,"14,980","2,965",10,75
4/8/24,SamYou,"1,098","31,139","54,865","1,956","1,769","1,100,000",652,"13,644","3,055",11,50
4/8/24,Nostrogoth,"1,219","30,426","46,626","2,959","1,375","1,100,000",636,"14,588","3,140",15,80
4/8/24,DaBear,"1,786","27,486","52,887","1,317","1,894","918,000",443,"9,969","2,794",10,65
4/8/24,Krn1,"1,842","27,241","48,554","3,339",161,"375,600",560,"13,813","3,170",12,66
4/8/24,Ulmos Mist,"1,869","27,117","38,666","3,382",521,"1,400,000",604,"10,554","2,767",26,80
4/8/24,ThorNDrJones,"2,174","25,835","48,311","1,459","1,470","911,300",470,"7,331","2,993",12,71
4/8/24,Cardinal,"2,623","24,312","31,845","1,749","1,162","1,400,000",607,"14,471","3,049",10,80
4/8/24,GoliathOne,"2,991","23,200","26,708","2,068","1,558","1,100,000",697,"8,645","2,564",25,80
4/8/24,CLV. Kelsie.,"3,678","21,385","47,830",774,437,"270,700",730,"8,792","1,935",27,80
4/8/24,ChecoMx,"3,917","20,772","30,461",401,"2,762","734,300",408,"6,750","2,647",18,66
4/8/24,BEVO2112,"4,009","20,582","32,944",665,"1,908","1,000,000",490,"9,612","1,770",12,75
4/8/24,Taysacks,"4,211","20,162","21,795","2,134",580,"1,600,000",431,"10,977","2,681",10,80
4/8/24,sensejus,"5,091","18,482","17,765","1,488","1,149","1,400,000",401,"11,267","2,730",14,80
4/8/24,mands,"5,726","17,319","22,011",575,"1,960","1,400,000",354,"6,380","1,465",20,67
4/8/24,DrowC,"5,766","17,257","26,550","1,018","1,333","485,700",420,"6,714","2,175",17,51
4/8/24,shy66,"7,548","14,696","12,347","1,531",31,"883,500",876,"5,136","1,825",10,80
4/8/24,Caesar Salad,"9,657","12,222","35,326",313,148,"680,900",105,"1,898",392,10,80
4/1/24,CVanquish,229,"42,288","78,169","2,319","1,435","3,800,000",554,"14,011","3,309",17,63
4/1/24,Niesa,256,"41,444","58,623","3,482",961,"3,500,000","1,258","14,121","3,183",22,80
4/1/24,Andres M Leal,465,"36,887","53,273","3,284",680,"3,700,000",661,"13,938","3,347",18,80
4/1/24,Chip Finn,529,"35,757","45,372","3,952",466,"3,800,000",697,"14,231","2,870",12,73
4/1/24,Guero,553,"35,458","47,081","3,050","1,562","3,500,000",573,"14,337","3,109",10,80
4/1/24,Beyondthestars,662,"34,151","56,267","1,663","2,252","1,300,000","1,021","13,489","3,166",22,80
4/1/24,Muttley,758,"33,425","60,956","1,993","1,720","804,300",921,"13,994","3,147",23,30
4/1/24,Tinger61,897,"32,260","42,534","3,449",453,"3,300,000",548,"12,942","2,993",10,80
4/1/24,Arden,906,"32,168","59,418","2,716",472,"1,800,000",581,"14,421","2,965",12,64
4/1/24,SamYou,"1,101","30,736","54,255","1,925","1,738","1,100,000",642,"13,430","3,055",13,67
4/1/24,Nostrogoth,"1,229","29,968","45,789","2,892","1,329","1,100,000",636,"14,376","3,140",15,76
4/1/24,DaBear,"1,783","27,133","52,392","1,281","1,856","887,200",443,"9,776","2,794",12,51
4/1/24,Krn1,"1,852","26,833","47,846","3,268",154,"375,600",550,"13,561","3,170",12,54
4/1/24,Ulmos Mist,"1,873","26,736","38,217","3,324",495,"1,300,000",604,"10,432","2,767",24,80
4/1/24,ThorNDrJones,"2,233","25,311","47,553","1,428","1,430","888,700",443,"7,215","2,993",12,60
4/1/24,Cardinal,"2,720","23,714","31,197","1,680","1,131","1,400,000",583,"13,978","3,049",12,80
4/1/24,GoliathOne,"3,105","22,605","25,965","2,018","1,504","1,100,000",680,"8,346","2,564",23,80
4/1/24,CLV. Kelsie.,"3,774","20,913","47,006",695,420,"249,900",730,"8,463","1,935",21,80
4/1/24,ChecoMx,"3,981","20,416","29,925",394,"2,689","731,300",398,"6,688","2,647",15,64
4/1/24,BEVO2112,"4,080","20,196","32,385",645,"1,852","993,800",481,"9,430","1,770",10,54
4/1/24,Taysacks,"4,357","19,617","21,006","2,073",549,"1,600,000",411,"10,624","2,681",10,75
4/1/24,sensejus,"5,252","17,967","17,104","1,424","1,111","1,400,000",388,"11,097","2,730",,
4/1/24,mands,"5,813","16,997","21,748",573,"1,888","1,400,000",343,"6,310","1,465",17,63
4/1/24,DrowC,"5,815","16,991","26,149","1,001","1,297","485,700",410,"6,610","2,175",14,35
4/1/24,shy66,"7,897","14,099","11,316","1,449",17,"850,500",866,"4,818","1,825",10,75
4/1/24,Caesar Salad,"10,423","11,294","34,461",248,105,"493,100",94,"1,243",392,12,79
3/25/24,CVanquish,225,"41,666","77,226","2,272","1,409","3,800,000",554,"13,732","3,234",10,66
3/25/24,Niesa,265,"40,478","57,410","3,390",954,"3,400,000","1,225","14,087","3,099",18,80
3/25/24,Andres M Leal,468,"36,208","52,349","3,216",662,"3,600,000",661,"13,690","3,311",18,80
3/25/24,Chip Finn,551,"34,773","44,601","3,867",461,"3,700,000",635,"14,098","2,827",13,76
3/25/24,Guero,577,"34,533","46,234","2,993","1,524","3,400,000",543,"14,299","2,937",10,78
3/25/24,Beyondthestars,662,"33,614","55,192","1,618","2,204","1,300,000","1,021","13,315","3,101",23,68
3/25/24,Muttley,740,"33,021","60,284","1,969","1,708","794,900",900,"13,742","3,132",21,45
3/25/24,Frenchy724,769,"32,774","52,338","3,252","1,194","1,200,000",894,"13,262","2,437",13,53
3/25/24,Arden,911,"31,615","58,735","2,679",436,"1,700,000",566,"14,213","2,935",10,74
3/25/24,Tinger61,941,"31,379","41,298","3,368",435,"3,200,000",529,"12,861","2,950",11,80
3/25/24,TINY warrior,992,"31,025","59,003","2,207",700,"1,900,000",552,"6,804","3,076",20,80
3/25/24,SamYou,"1,112","30,233","53,580","1,877","1,705","1,000,000",631,"13,298","3,030",11,53
3/25/24,Nostrogoth,"1,240","29,459","44,928","2,820","1,298","1,100,000",636,"14,069","3,093",15,80
3/25/24,DaBear,"1,772","26,762","51,840","1,258","1,823","863,800",443,"9,629","2,734",23,51
3/25/24,Krn1,"1,851","26,422","47,241","3,198",154,"375,200",550,"13,220","3,085",12,63
3/25/24,Ulmos Mist,"1,915","26,168","37,589","3,261",474,"1,300,000",604,"10,199","2,625",21,80
3/25/24,ThorNDrJones,"2,238","24,947","46,931","1,398","1,400","871,400",443,"7,060","2,954",12,64
3/25/24,Cardinal,"2,772","23,202","30,619","1,638","1,092","1,400,000",556,"13,978","2,999",16,77
3/25/24,GoliathOne,"3,263","21,870","25,283","1,946","1,466","1,000,000",634,"8,224","2,540",,
3/25/24,BEVO2112,"4,155","19,756","31,843",631,"1,811","963,500",468,"9,191","1,725",15,69
3/25/24,ChecoMx,"4,221","19,611","29,367",380,"2,619","713,300",318,"6,524","2,602",15,57
3/25/24,Taysacks,"4,492","19,084","20,114","2,017",521,"1,600,000",411,"10,413","2,617",10,75
3/25/24,DrowC,"5,765","16,836","25,901",990,"1,269","485,700",410,"6,466","2,175",19,55
3/25/24,mands,"5,906","16,619","21,345",570,"1,824","1,300,000",336,"6,207","1,447",15,65
3/25/24,shy66,"8,189","13,588","10,388","1,374",13,"807,600",866,"4,800","1,792",11,64
3/25/24,Caesar Salad,"11,433","10,222","33,655",143,73,"318,600",60,919,347,13,80
3/18/24,CVanquish,223,"41,036","76,236","2,229","1,377","3,700,000",554,"13,488","3,129",16,66
3/18/24,Niesa,277,"39,574","56,353","3,291",946,"3,300,000","1,195","13,876","3,006",20,80
3/18/24,Andres M Leal,479,"35,377","51,375","3,141",645,"3,500,000",661,"13,441","3,122",16,80
3/18/24,Chip Finn,574,"34,018","43,733","3,777",457,"3,600,000",635,"13,765","2,734",12,68
3/18/24,Guero,599,"33,747","45,286","2,910","1,491","3,300,000",533,"13,910","2,925",10,75
3/18/24,Beyondthestars,671,"32,974","54,232","1,591","2,153","1,300,000","1,001","13,141","2,975",24,68
3/18/24,Muttley,729,"32,517","59,495","1,937","1,685","792,800",880,"13,562","3,057",12,52
3/18/24,Frenchy724,743,"32,410","51,906","3,196","1,179","1,200,000",894,"13,077","2,361",13,63
3/18/24,Arden,937,"30,890","57,984","2,623",402,"1,600,000",550,"13,889","2,857",17,80
3/18/24,Tinger61,"1,024","30,300","40,116","3,277",417,"3,100,000",503,"12,487","2,797",11,80
3/18/24,TINY warrior,"1,044","30,169","57,959","2,125",677,"1,900,000",552,"6,654","2,842",15,60
3/18/24,SamYou,"1,116","29,665","52,886","1,822","1,687","1,000,000",619,"12,958","2,962",10,52
3/18/24,Nostrogoth,"1,248","28,940","44,123","2,753","1,267","1,100,000",636,"13,811","3,003",15,70
3/18/24,DaBear,"1,751","26,397","51,328","1,233","1,792","835,300",443,"9,406","2,689",10,60
3/18/24,Krn1,"1,907","25,812","46,492","3,122",147,"374,800",550,"12,964","2,855",12,63
3/18/24,Ulmos Mist,"1,947","25,666","37,000","3,204",450,"1,200,000",593,"10,046","2,550",24,80
3/18/24,ThorNDrJones,"2,254","24,486","46,207","1,367","1,362","843,200",443,"6,958","2,879",12,63
3/18/24,Cardinal,"2,843","22,623","29,917","1,582","1,066","1,400,000",527,"13,718","2,941",11,55
3/18/24,GoliathOne,"3,285","21,470","24,703","1,915","1,455","1,000,000",634,"7,883","2,465",23,80
3/18/24,BEVO2112,"4,211","19,357","31,394",619,"1,751","946,100",458,"8,917","1,695",15,61
3/18/24,ChecoMx,"4,317","19,133","28,774",372,"2,556","698,300",318,"6,295","2,467",16,52
3/18/24,Taysacks,"4,596","18,571","19,424","1,952",496,"1,600,000",411,"10,229","2,482",10,74
3/18/24,DrowC,"5,921","16,354","25,465",974,"1,226","475,400",390,"6,318","2,055",14,50
3/18/24,mands,"6,064","16,139","20,856",564,"1,757","1,300,000",327,"6,059","1,393",22,48
3/18/24,shy66,"8,951","12,529","9,497","1,297",12,"745,000",796,"4,357","1,631",,
3/18/24,Caesar Salad,"12,615","9,098","32,589",56,35,"141,800",60,558,129,,
3/11/24,CVanquish,220,"40,476","75,353","2,179","1,352","3,600,000",554,"13,214","3,114",10,67
3/11/24,Bratpack,251,"39,641","35,726","2,525","1,144","3,900,000","1,364","12,931","7,294",10,66
3/11/24,Niesa,284,"38,727","55,188","3,198",930,"3,200,000","1,175","13,498","2,994",22,80
3/11/24,Andres M Leal,485,"34,729","50,529","3,075",617,"3,500,000",660,"13,163","3,077",14,80
3/11/24,Chip Finn,583,"33,444","42,946","3,696",452,"3,500,000",635,"13,460","2,734",12,72
3/11/24,Guero,619,"32,959","44,422","2,835","1,457","3,200,000",513,"13,506","2,898",10,76
3/11/24,Beyondthestars,670,"32,454","53,316","1,551","2,118","1,300,000",981,"13,000","2,957",21,64
3/11/24,Muttley,732,"31,937","58,625","1,890","1,656","791,500",860,"13,232","2,982",20,51
3/11/24,Frenchy724,751,"31,792","51,217","3,134","1,154","1,200,000",864,"12,794","2,316",13,80
3/11/24,Arden,967,"30,175","57,250","2,556",369,"1,500,000",535,"13,538","2,791",10,71
3/11/24,TINY warrior,"1,053","29,649","57,055","2,061",667,"1,800,000",552,"6,592","2,842",15,80
3/11/24,Tinger61,"1,082","29,475","39,174","3,190",406,"3,000,000",483,"12,197","2,797",,
3/11/24,SamYou,"1,135","29,121","52,206","1,778","1,666","990,800",608,"12,667","2,893",11,58
3/11/24,Nostrogoth,"1,232","28,524","43,390","2,697","1,242","1,100,000",636,"13,567","2,973",16,74
3/11/24,DaBear,"1,804","25,830","50,697","1,199","1,753","803,300",413,"9,210","2,659",12,67
3/11/24,Krn1,"1,897","25,476","45,860","3,047",143,"373,800",550,"12,782","2,855",12,66
3/11/24,Ulmos Mist,"1,973","25,174","36,276","3,144",424,"1,200,000",586,"9,807","2,532",24,80
3/11/24,ThorNDrJones,"2,307","23,931","45,500","1,337","1,326","823,600",417,"6,790","2,819",12,66
3/11/24,Cardinal,"2,917","22,062","29,312","1,531","1,051","1,400,000",492,"13,284","2,885",10,50
3/11/24,GoliathOne,"3,397","20,855","23,967","1,860","1,401","1,000,000",624,"7,501","2,405",24,80
3/11/24,ChecoMx,"4,278","18,912","28,386",371,"2,504","698,300",318,"6,266","2,452",19,66
3/11/24,BEVO2112,"4,315","18,848","30,731",602,"1,705","911,500",441,"8,728","1,650",22,71
3/11/24,Taysacks,"4,741","18,025","18,680","1,884",468,"1,500,000",401,"9,978","2,482",10,69
3/11/24,DrowC,"5,917","16,104","25,126",957,"1,187","461,200",390,"6,218","2,040",14,55
3/11/24,mands,"6,171","15,728","20,444",548,"1,705","1,200,000",319,"5,959","1,348",21,52
3/4/24,CVanquish,221,"39,771","74,450","2,125","1,326","3,600,000",554,"12,993","2,964",10,65
3/4/24,Bratpack,274,"38,277","34,453","2,445","1,126","3,800,000","1,328","12,478","6,970",10,65
3/4/24,Niesa,309,"37,659","54,060","3,118",905,"3,100,000","1,129","13,101","2,871",15,80
3/4/24,Andres M Leal,494,"34,039","49,581","3,021",584,"3,400,000",651,"12,879","3,034",13,80
3/4/24,Chip Finn,591,"32,742","42,028","3,612",445,"3,400,000",635,"13,156","2,644",12,66
3/4/24,Guero,652,"32,054","43,509","2,755","1,411","3,100,000",493,"13,243","2,792",,
3/4/24,Beyondthestars,673,"31,850","52,416","1,517","2,073","1,300,000",961,"12,826","2,861",24,66
3/4/24,Muttley,742,"31,357","57,865","1,848","1,632","783,300",830,"12,919","2,922",17,48
3/4/24,Frenchy724,784,"31,047","50,453","3,065","1,115","1,200,000",824,"12,611","2,269",14,80
3/4/24,Arden,"1,007","29,410","56,500","2,498",333,"1,400,000",519,"13,277","2,707",10,67
3/4/24,TINY warrior,"1,057","29,112","56,116","1,983",646,"1,700,000",552,"6,483","2,842",15,80
3/4/24,SamYou,"1,156","28,515","51,510","1,740","1,624","945,600",592,"12,353","2,823",16,53
3/4/24,Nostrogoth,"1,242","27,999","42,550","2,641","1,203","1,100,000",636,"13,255","2,883",15,80
3/4/24,DaBear,"1,837","25,306","50,050","1,153","1,714","762,900",413,"8,891","2,569",10,63
3/4/24,Krn1,"1,913","25,001","45,147","2,979",137,"370,000",530,"12,523","2,840",12,78
3/4/24,Ulmos Mist,"1,968","24,787","35,796","3,086",401,"1,200,000",582,"9,641","2,532",24,80
3/4/24,ThorNDrJones,"2,328","23,469","44,834","1,295","1,288","807,600",417,"6,652","2,729",,
3/4/24,Cardinal,"2,992","21,518","28,631","1,480","1,030","1,400,000",473,"12,940","2,805",11,51
3/4/24,GoliathOne,"3,516","20,216","23,286","1,818","1,333","1,000,000",604,"7,269","2,345",22,80
3/4/24,ChecoMx,"4,316","18,543","27,806",363,"2,431","687,800",318,"6,189","2,419",15,64
3/4/24,BEVO2112,"4,400","18,390","30,213",600,"1,636","884,900",431,"8,501","1,590",20,68
3/4/24,Taysacks,"5,004","17,260","17,887","1,825",441,"1,400,000",381,"9,562","2,413",,
3/4/24,DrowC,"6,040","15,664","24,668",935,"1,149","451,100",370,"6,118","1,965",14,51
3/4/24,mands,"6,230","15,359","20,050",538,"1,651","1,200,000",311,"5,847","1,306",21,64
3/4/24,Shadowtiger73,"14,108","7,800","15,171",165,233,"284,600",160,"3,874","1,455",,
2/26/24,CVanquish,215,"39,183","73,504","2,071","1,301","3,500,000",554,"12,765","2,931",10,50
2/26/24,Niesa,324,"36,587","52,917","3,027",883,"2,900,000","1,101","12,887","2,790",15,80
2/26/24,Bratpack,330,"36,483","33,199","2,378","1,101","3,700,000","1,231","12,282","6,382",12,60
2/26/24,Andres M Leal,496,"33,379","48,640","2,948",570,"3,300,000",651,"12,489","2,963",18,80
2/26/24,Chip Finn,592,"32,049","41,150","3,536",437,"3,300,000",635,"12,942","2,563",12,61
2/26/24,Beyondthestars,675,"31,298","51,570","1,485","2,028","1,300,000",941,"12,722","2,801",20,80
2/26/24,Muttley,745,"30,741","57,108","1,799","1,601","775,000",810,"12,616","2,802",17,49
2/26/24,Frenchy724,779,"30,497","49,779","2,990","1,077","1,100,000",824,"12,221","2,206",13,73
2/26/24,Arden,"1,048","28,599","55,765","2,430",303,"1,400,000",498,"13,045","2,596",12,58
2/26/24,TINY warrior,"1,066","28,478","55,255","1,884",623,"1,700,000",552,"5,781","2,842",,
2/26/24,SamYou,"1,193","27,774","50,739","1,687","1,578","915,100",564,"12,062","2,703",15,59
2/26/24,Nostrogoth,"1,277","27,283","41,728","2,582","1,163","1,100,000",609,"12,958","2,778",15,74
2/26/24,DaBear,"1,893","24,648","49,358","1,119","1,671","727,600",383,"8,790","2,479",10,63
2/26/24,Krn1,"1,960","24,375","44,477","2,891",119,"366,400",500,"12,182","2,785",12,60
2/26/24,Ulmos Mist,"1,969","24,349","35,197","3,025",378,"1,100,000",579,"9,461","2,520",20,80
2/26/24,ThorNDrJones,"2,290","23,152","44,297","1,281","1,282","787,300",417,"6,533","2,639",12,64
2/26/24,Cardinal,"3,077","20,890","28,052","1,434","1,006","1,400,000",439,"12,778","2,695",12,56
2/26/24,GoliathOne,"3,694","19,489","22,468","1,774","1,262","943,400",594,"7,032","2,240",21,80
2/26/24,ChecoMx,"4,401","18,054","27,069",335,"2,358","680,800",318,"6,024","2,347",15,67
2/26/24,BEVO2112,"4,544","17,783","29,564",600,"1,564","845,400",407,"8,077","1,530",15,57
2/26/24,DrowC,"6,118","15,265","24,113",908,"1,111","448,600",360,"5,963","1,905",15,49
2/26/24,mands,"6,290","15,015","19,753",529,"1,587","1,200,000",302,"5,769","1,264",24,45
2/19/24,CVanquish,212,"38,676","72,616","2,034","1,281","3,400,000",544,"12,460","2,931",,
2/19/24,Niesa,342,"35,670","51,721","2,947",857,"2,800,000","1,077","12,808","2,790",,
2/19/24,Bratpack,345,"35,617","32,091","2,318","1,089","3,500,000","1,215","12,193","6,382",,
2/19/24,Andres M Leal,509,"32,648","47,710","2,869",559,"3,200,000",631,"12,226","2,963",,
2/19/24,Chip Finn,603,"31,489","40,349","3,468",429,"3,300,000",635,"12,590","2,563",,
2/19/24,Beyondthestars,706,"30,595","50,309","1,448","1,976","1,200,000",911,"12,284","2,801",,
2/19/24,Muttley,744,"30,337","56,453","1,764","1,579","775,000",790,"12,359","2,802",,
2/19/24,Frenchy724,785,"30,054","49,118","2,929","1,049","1,100,000",824,"11,900","2,206",,
2/19/24,Arden,"1,063","28,111","55,173","2,374",288,"1,300,000",486,"12,712","2,596",,
2/19/24,SamYou,"1,207","27,353","49,974","1,655","1,545","901,600",555,"11,782","2,703",,
2/19/24,Nostrogoth,"1,302","26,786","40,916","2,522","1,131","1,100,000",600,"12,605","2,778",,
2/19/24,DaBear,"1,897","24,287","48,742","1,087","1,635","706,400",383,"8,506","2,479",,
2/19/24,Krn1,"1,959","24,039","43,857","2,822",119,"362,100",500,"11,837","2,785",,
2/19/24,Ulmos Mist,"1,998","23,916","34,667","2,967",355,"1,100,000",570,"9,279","2,520",,
2/19/24,ThorNDrJones,"2,298","22,790","43,562","1,251","1,244","776,100",417,"6,327","2,639",,
2/19/24,Cardinal,"3,143","20,478","27,440","1,396",985,"1,300,000",421,"12,657","2,695",,
2/19/24,GoliathOne,"3,899","18,825","21,704","1,716","1,209","914,500",562,"6,697","2,240",,
2/19/24,ChecoMx,"4,470","17,703","26,526",313,"2,291","671,000",318,"5,840","2,347",,
2/19/24,BEVO2112,"4,654","17,330","28,977",600,"1,507","823,000",384,"7,761","1,530",,
2/19/24,DrowC,"6,173","14,990","23,683",893,"1,076","448,600",350,"5,794","1,905",,
2/19/24,mands,"6,395","14,693","19,393",510,"1,560","1,200,000",293,"5,524","1,264",,
2/11/24,CVanquish,220,"37,794","71,700","1,992","1,251","3,400,000",493,"12,237","2,887",,
2/11/24,Niesa,374,"34,355","50,405","2,836",834,"2,600,000","1,042","12,213","2,692",,
2/11/24,Bratpack,381,"34,268","30,911","2,252","1,075","3,400,000","1,111","11,851","6,312",,
2/11/24,Andres M Leal,538,"31,673","46,687","2,791",547,"3,100,000",569,"11,995","2,927",,
2/11/24,Beyondthestars,735,"29,886","49,172","1,415","1,930","1,200,000",891,"11,817","2,736",,
2/11/24,Muttley,749,"29,793","55,595","1,728","1,558","768,300",760,"12,070","2,778",,
2/11/24,Frenchy724,816,"29,231","48,399","2,859","1,015","1,100,000",769,"11,606","2,161",,
2/11/24,Arden,"1,098","27,495","54,471","2,318",274,"1,200,000",464,"12,391","2,575",,
2/11/24,SamYou,"1,224","26,788","49,230","1,614","1,513","883,400",526,"11,476","2,682",,
2/11/24,Nostrogoth,"1,392","25,956","40,040","2,470","1,102","1,000,000",529,"12,348","2,755",,
2/11/24,DaBear,"1,901","23,880","48,152","1,065","1,582","677,700",383,"8,312","2,446",,
2/11/24,Krn1,"2,019","23,473","43,238","2,754",111,"362,100",460,"11,627","2,746",,
2/11/24,ThorNDrJones,"2,347","22,258","42,814","1,210","1,209","770,200",387,"6,230","2,618",,
2/11/24,Cardinal,"3,247","19,891","26,760","1,346",962,"1,300,000",396,"12,134","2,669",,
2/11/24,GoliathOne,"4,118","18,076","20,760","1,655","1,159","866,800",535,"6,345","2,215",,
2/11/24,ChecoMx,"4,481","17,400","26,060",305,"2,256","658,500",318,"5,689","2,287",,
2/11/24,BEVO2112,"4,728","16,922","28,462",373,594,"797,700",373,"7,553","1,499",,
2/11/24,DrowC,"6,215","14,698","23,325",878,"1,040","442,500",340,"5,675","1,878",,
2/11/24,mands,"6,469","14,377","18,994",502,"1,522","1,100,000",281,"5,381","1,258",,
2/11/24,Ulmos Mist,,,,,,,,,,,
2/6/24,CVanquish,222,"37,207","70,820","1,943","1,226","3,300,000",493,"12,017","2,818",,
2/6/24,Niesa,392,"33,485","49,342","2,754",815,"2,500,000","1,007","11,894","2,689",,
2/6/24,Bratpack,414,"33,135","29,750","2,190","1,048","3,300,000","1,096","11,422","5,967",,
2/6/24,Andres M Leal,556,"31,051","45,792","2,743",528,"3,100,000",569,"11,849","2,810",,
2/6/24,Beyondthestars,758,"29,253","48,357","1,387","1,885","1,200,000",861,"11,671","2,625",,
2/6/24,Muttley,761,"29,234","54,844","1,684","1,515","759,000",740,"11,860","2,721",,
2/6/24,Frenchy724,821,"28,755","47,744","2,792",986,"1,000,000",769,"11,477","2,101",,
2/6/24,Arden,"1,099","27,033","53,903","2,259",269,"1,200,000",455,"12,169","2,512",,
2/6/24,SamYou,"1,228","26,317","48,507","1,567","1,478","872,900",526,"11,179","2,607",,
2/6/24,Nostrogoth,"1,410","25,433","39,304","2,419","1,065","1,000,000",529,"12,134","2,665",,
2/6/24,DaBear,"1,902","23,495","47,537","1,043","1,547","661,900",383,"8,151","2,377",,
2/6/24,Krn1,"2,015","23,089","42,666","2,681",108,"354,900",460,"11,423","2,692",,
2/6/24,Ulmos Mist,"2,150","22,573","33,610","2,844",309,"1,000,000",499,"8,989","2,277",,
2/6/24,ThorNDrJones,"2,432","21,703","42,143","1,173","1,173","747,100",364,"6,092","2,552",,
2/6/24,Cardinal,"3,366","19,319","26,114","1,291",941,"1,300,000",375,"11,781","2,599",,
2/6/24,GoliathOne,"4,176","17,669","20,438","1,614","1,102","846,100",535,"6,075","2,153",,
2/6/24,ChecoMx,"4,514","17,069","25,544",304,"2,186","654,300",318,"5,565","2,248",,
2/6/24,BEVO2112,"4,829","16,477","27,974",587,"1,383","781,000",356,"7,444","1,457",,
2/6/24,DrowC,"6,290","14,366","22,916",860,"1,002","442,500",330,"5,566","1,821",,
2/6/24,mands,"6,501","14,109","18,784",501,"1,475","1,100,000",272,"5,294","1,240",,